/*
 Navicat Premium Data Transfer

 Source Server         : localhost_3306
 Source Server Type    : MySQL
 Source Server Version : 50022
 Source Host           : localhost:3306
 Source Schema         : animation

 Target Server Type    : MySQL
 Target Server Version : 50022
 File Encoding         : 65001

 Date: 27/08/2018 19:59:49
*/

SET NAMES utf8mb4;
SET FOREIGN_KEY_CHECKS = 0;

-- ----------------------------
-- Table structure for adminuser
-- ----------------------------
DROP TABLE IF EXISTS `adminuser`;
CREATE TABLE `adminuser`  (
  `adminId` int(11) NOT NULL AUTO_INCREMENT,
  `type` int(11) NULL DEFAULT NULL,
  `adminname` varchar(50) CHARACTER SET utf8 COLLATE utf8_general_ci NULL DEFAULT NULL,
  `password` varchar(50) CHARACTER SET utf8 COLLATE utf8_general_ci NULL DEFAULT NULL,
  `time` timestamp NOT NULL DEFAULT CURRENT_TIMESTAMP ON UPDATE CURRENT_TIMESTAMP,
  `isDel` int(11) NOT NULL DEFAULT 0,
  PRIMARY KEY USING BTREE (`adminId`)
) ENGINE = InnoDB AUTO_INCREMENT = 103 CHARACTER SET = utf8 COLLATE = utf8_general_ci ROW_FORMAT = Compact;

-- ----------------------------
-- Records of adminuser
-- ----------------------------
INSERT INTO `adminuser` VALUES (1, 0, 'hh', '123', '2018-08-03 09:15:57', 0);
INSERT INTO `adminuser` VALUES (2, 1, 'xy', '123', '2018-08-03 09:16:08', 0);
INSERT INTO `adminuser` VALUES (3, 1, 'lj', '123', '2018-08-03 09:16:20', 0);
INSERT INTO `adminuser` VALUES (4, 0, '官龙', 'REHN0940759190518', '2018-07-08 00:25:23', 0);
INSERT INTO `adminuser` VALUES (5, 1, '凌慧', 'YZMG5714639613188', '2017-07-25 20:02:38', 0);
INSERT INTO `adminuser` VALUES (6, 1, '羊欣', 'FWQY8955790301743', '2016-02-27 00:33:21', 0);
INSERT INTO `adminuser` VALUES (7, 1, '山秀芳', 'QMMG5821530678967', '2016-03-22 02:00:16', 1);
INSERT INTO `adminuser` VALUES (8, 1, '单春梅', 'YMDH3251197718695', '2017-07-10 19:46:52', 0);
INSERT INTO `adminuser` VALUES (9, 1, '娄建', 'HNQA7499824592388', '2018-12-07 17:42:50', 1);
INSERT INTO `adminuser` VALUES (10, 1, '侯玉梅', 'AOLQ5196501879172', '2016-06-06 21:53:31', 1);
INSERT INTO `adminuser` VALUES (11, 0, '云海燕', 'SLTY6169782743688', '2016-06-13 04:45:48', 1);
INSERT INTO `adminuser` VALUES (12, 1, '家娜', 'RGBK5048087470790', '2016-08-29 01:20:36', 0);
INSERT INTO `adminuser` VALUES (13, 0, '滑桂芳', 'KCNE9092463561336', '2016-10-24 16:35:02', 1);
INSERT INTO `adminuser` VALUES (14, 0, '郜岩', 'MSBY2042382796485', '2016-08-16 07:08:27', 0);
INSERT INTO `adminuser` VALUES (15, 0, '计秀珍', 'JUFA3882559184585', '2016-05-26 22:27:47', 0);
INSERT INTO `adminuser` VALUES (16, 0, '台玉珍', 'YYMC0090853758607', '2016-11-02 01:54:52', 1);
INSERT INTO `adminuser` VALUES (17, 1, '于建华', 'PHYD8968673606085', '2017-06-16 17:54:37', 1);
INSERT INTO `adminuser` VALUES (18, 0, '山旭', 'PVWB8546793064637', '2016-03-28 22:04:28', 0);
INSERT INTO `adminuser` VALUES (19, 1, '成帆', 'JPDL4656972685214', '2016-10-23 10:02:18', 1);
INSERT INTO `adminuser` VALUES (20, 1, '公娜', 'FFPP7635553897822', '2018-04-29 04:41:04', 0);
INSERT INTO `adminuser` VALUES (21, 0, '刁颖', 'ENIU7430333011225', '2018-02-06 05:47:34', 0);
INSERT INTO `adminuser` VALUES (22, 0, '鞠健', 'BAYE1296517503545', '2016-12-02 18:37:35', 1);
INSERT INTO `adminuser` VALUES (23, 1, '訾秀芳', 'ZKPX1371686926961', '2017-08-29 18:55:13', 0);
INSERT INTO `adminuser` VALUES (24, 0, '秦秀华', 'UTVH3172621900939', '2016-08-23 01:52:23', 1);
INSERT INTO `adminuser` VALUES (25, 0, '年丽华', 'OBLF0078867325024', '2017-06-13 10:50:29', 0);
INSERT INTO `adminuser` VALUES (26, 1, '宿军', 'VXLD6847013006986', '2018-07-27 08:26:56', 0);
INSERT INTO `adminuser` VALUES (27, 0, '越秀梅', 'HEUR1892471077481', '2017-05-27 15:41:16', 1);
INSERT INTO `adminuser` VALUES (28, 1, '松婷婷', 'WJZK8782527348613', '2016-03-09 21:31:40', 1);
INSERT INTO `adminuser` VALUES (29, 0, '甘玉兰', 'EHNL1376907005257', '2018-11-16 01:36:45', 1);
INSERT INTO `adminuser` VALUES (30, 1, '融艳', 'OPAP5238575623459', '2017-11-26 21:03:27', 1);
INSERT INTO `adminuser` VALUES (31, 1, '柏瑞', 'SXKS8184193629921', '2017-04-11 19:58:50', 1);
INSERT INTO `adminuser` VALUES (32, 0, '狄英', 'JTBX2992133100579', '2018-04-18 01:17:51', 0);
INSERT INTO `adminuser` VALUES (33, 0, '于宁', 'BKBJ5044445741860', '2016-07-28 01:37:56', 0);
INSERT INTO `adminuser` VALUES (34, 1, '屠梅', 'WALR6348811238509', '2017-08-17 12:44:30', 0);
INSERT INTO `adminuser` VALUES (35, 0, '祝秀云', 'BYNY2895915023988', '2016-12-19 11:05:14', 1);
INSERT INTO `adminuser` VALUES (36, 0, '谭丽娟', 'QPMR9870084793000', '2018-03-08 00:48:43', 0);
INSERT INTO `adminuser` VALUES (37, 1, '岑雪梅', 'LUMU8760593785155', '2016-01-28 11:10:50', 1);
INSERT INTO `adminuser` VALUES (38, 0, '卓荣', 'RYWQ3438422239406', '2017-04-12 18:34:25', 1);
INSERT INTO `adminuser` VALUES (39, 1, '俟娟', 'RVXB7688662692606', '2018-11-23 23:55:30', 1);
INSERT INTO `adminuser` VALUES (40, 1, '卓萍', 'HDVO1822566415487', '2018-11-27 19:13:04', 0);
INSERT INTO `adminuser` VALUES (41, 1, '周静', 'NKFW0320691915360', '2016-05-21 12:11:58', 0);
INSERT INTO `adminuser` VALUES (42, 0, '郭辉', 'GEHB0624909742035', '2018-08-25 07:21:00', 0);
INSERT INTO `adminuser` VALUES (43, 1, '盛秀云', 'THVH0300499245238', '2016-11-02 01:37:04', 1);
INSERT INTO `adminuser` VALUES (44, 0, '伊燕', 'SIXH4858415171891', '2018-05-22 06:11:46', 0);
INSERT INTO `adminuser` VALUES (45, 1, '卓凤兰', 'VZTV6974366944721', '2016-06-12 17:06:29', 0);
INSERT INTO `adminuser` VALUES (46, 0, '澹雪', 'HCMO0697828234301', '2018-02-19 21:59:02', 1);
INSERT INTO `adminuser` VALUES (47, 0, '祝婷', 'WENO6621611983991', '2018-03-10 14:42:31', 1);
INSERT INTO `adminuser` VALUES (48, 0, '殳建军', 'UEJN5494633183164', '2017-08-04 12:06:30', 1);
INSERT INTO `adminuser` VALUES (49, 0, '苗建华', 'RLQR2797696297331', '0000-00-00 00:00:00', 1);
INSERT INTO `adminuser` VALUES (50, 1, '甘亮', 'CXPG9008090600659', '2017-09-21 05:28:35', 1);
INSERT INTO `adminuser` VALUES (51, 1, '颜建军', 'YUWT3310832547078', '2017-03-07 09:07:36', 0);
INSERT INTO `adminuser` VALUES (52, 1, '詹桂兰', 'IZID5758833160428', '2018-03-28 07:13:49', 1);
INSERT INTO `adminuser` VALUES (53, 0, '郑凯', 'EPRJ9812327211493', '2016-08-22 13:03:15', 1);
INSERT INTO `adminuser` VALUES (54, 1, '盛小红', 'KGAO1419836080680', '2018-08-21 09:09:01', 1);
INSERT INTO `adminuser` VALUES (55, 1, '尤婷', 'KGUS9998161369636', '2016-05-30 20:38:20', 0);
INSERT INTO `adminuser` VALUES (56, 0, '赖明', 'YBKM2085056609367', '2016-06-18 08:07:55', 1);
INSERT INTO `adminuser` VALUES (57, 1, '左玉华', 'AIEK9674392371676', '2016-03-17 03:40:48', 0);
INSERT INTO `adminuser` VALUES (58, 1, '东海燕', 'MPSD9474876307990', '2017-09-07 13:45:45', 1);
INSERT INTO `adminuser` VALUES (59, 0, '李桂珍', 'RKJI9862353292016', '2017-06-20 01:23:30', 0);
INSERT INTO `adminuser` VALUES (60, 0, '强建华', 'RGEX5079285237000', '2018-04-27 19:16:29', 1);
INSERT INTO `adminuser` VALUES (61, 1, '屠平', 'WLVS3341807711700', '2018-06-29 12:02:56', 1);
INSERT INTO `adminuser` VALUES (62, 1, '芮芳', 'HCIF2563347739985', '2016-07-11 21:51:53', 0);
INSERT INTO `adminuser` VALUES (63, 0, '商秀英', 'KHQK1337313718211', '2016-08-08 06:32:12', 1);
INSERT INTO `adminuser` VALUES (64, 0, '费静', 'YNXS4434411918198', '2016-03-11 13:57:43', 1);
INSERT INTO `adminuser` VALUES (65, 0, '司刚', 'TEJI9593644444733', '2016-12-16 12:05:42', 1);
INSERT INTO `adminuser` VALUES (66, 0, '呼飞', 'BYMI1658259306121', '2018-12-01 10:49:56', 0);
INSERT INTO `adminuser` VALUES (67, 0, '雷强', 'WQQK1656269382400', '2016-02-19 22:39:08', 1);
INSERT INTO `adminuser` VALUES (68, 0, '辕娟', 'ERHT8797689951067', '2017-09-14 08:32:38', 1);
INSERT INTO `adminuser` VALUES (69, 1, '百杰', 'AKPV8977517458939', '2018-06-12 10:33:36', 1);
INSERT INTO `adminuser` VALUES (70, 1, '梁玉梅', 'NDNZ1046488534442', '2017-10-16 10:47:27', 1);
INSERT INTO `adminuser` VALUES (71, 1, '颛超', 'CMXL2787820526046', '2018-02-13 17:36:26', 1);
INSERT INTO `adminuser` VALUES (72, 0, '任春梅', 'XMFG8124254912011', '2018-03-26 07:39:47', 0);
INSERT INTO `adminuser` VALUES (73, 1, '跋旭', 'QBGL3517413529455', '2017-04-07 04:42:57', 1);
INSERT INTO `adminuser` VALUES (74, 0, '莫淑兰', 'TVCM5356595361637', '2018-03-08 04:21:56', 0);
INSERT INTO `adminuser` VALUES (75, 1, '鞠丽丽', 'ZCWZ1493915497162', '2017-11-10 16:24:21', 1);
INSERT INTO `adminuser` VALUES (76, 0, '韩丹丹', 'SICE9261750634028', '2017-01-16 08:20:10', 1);
INSERT INTO `adminuser` VALUES (77, 1, '官桂英', 'AKFH2584888343338', '2017-07-29 18:02:19', 1);
INSERT INTO `adminuser` VALUES (78, 0, '暨明', 'SGFW9462027308384', '2016-01-07 15:20:41', 1);
INSERT INTO `adminuser` VALUES (79, 1, '胥娜', 'QVAW8067225188951', '2017-05-17 15:51:39', 0);
INSERT INTO `adminuser` VALUES (80, 1, '慎佳', 'LXFI7962784012143', '2018-04-30 13:52:40', 0);
INSERT INTO `adminuser` VALUES (81, 0, '项超', 'RWBA1439493550787', '2016-02-07 15:53:35', 1);
INSERT INTO `adminuser` VALUES (82, 1, '柏岩', 'BNUH0812660595741', '2018-12-19 22:50:42', 1);
INSERT INTO `adminuser` VALUES (83, 1, '仰勇', 'STKW3429056624192', '2017-04-17 04:10:36', 1);
INSERT INTO `adminuser` VALUES (84, 1, '羊晶', 'VSDR4561468500593', '2018-08-31 22:39:04', 1);
INSERT INTO `adminuser` VALUES (85, 1, '南成', 'ANUC3115115124206', '2017-06-28 13:23:52', 1);
INSERT INTO `adminuser` VALUES (86, 0, '明刚', 'KYCC6533597617949', '2016-12-16 14:42:53', 0);
INSERT INTO `adminuser` VALUES (87, 0, '籍杰', 'FDJC2593234106734', '2016-02-20 19:57:00', 1);
INSERT INTO `adminuser` VALUES (88, 0, '姜琴', 'ITLO4533879605596', '2017-07-01 23:35:16', 1);
INSERT INTO `adminuser` VALUES (89, 1, '璩欣', 'WHBP8243579293898', '2018-11-22 16:00:13', 0);
INSERT INTO `adminuser` VALUES (90, 0, '赫波', 'QUZQ4945689121062', '2017-06-17 16:16:58', 1);
INSERT INTO `adminuser` VALUES (91, 1, '宗丽华', 'OATQ6205689265170', '2018-10-04 06:08:31', 0);
INSERT INTO `adminuser` VALUES (92, 0, '钟鹏', 'WUGO4053809251850', '2018-11-02 15:30:30', 0);
INSERT INTO `adminuser` VALUES (93, 0, '屠文', 'RHQH5424089850825', '2018-02-17 21:16:23', 0);
INSERT INTO `adminuser` VALUES (94, 1, '汲佳', 'DRJE9962729308434', '2018-07-24 02:24:07', 0);
INSERT INTO `adminuser` VALUES (95, 1, '干志强', 'VDAJ2486762214376', '2017-11-06 07:16:08', 0);
INSERT INTO `adminuser` VALUES (96, 1, '华洋', 'LUYO5930638098213', '2018-03-25 18:09:23', 0);
INSERT INTO `adminuser` VALUES (97, 0, '钟浩', 'UDRC6473235981811', '2016-05-01 19:11:23', 1);
INSERT INTO `adminuser` VALUES (98, 0, '乌秀珍', 'BACX9519533415702', '2018-10-04 14:39:28', 1);
INSERT INTO `adminuser` VALUES (99, 0, '康兵', 'SZVT6889762653227', '2017-02-26 23:33:14', 0);
INSERT INTO `adminuser` VALUES (100, 0, '韦静', 'DCXH5375571416018', '2016-10-29 10:34:27', 0);
INSERT INTO `adminuser` VALUES (101, 0, '杨坤', 'KUYS7639167231075', '2016-04-01 15:58:51', 1);
INSERT INTO `adminuser` VALUES (102, 1, '于小红', 'QEWC5933142285189', '2016-10-07 02:22:33', 0);

-- ----------------------------
-- Table structure for comment
-- ----------------------------
DROP TABLE IF EXISTS `comment`;
CREATE TABLE `comment`  (
  `cid` int(11) NOT NULL AUTO_INCREMENT,
  `uid` int(11) NULL DEFAULT NULL,
  `newsId` int(11) NULL DEFAULT NULL,
  `content` varchar(255) CHARACTER SET utf8 COLLATE utf8_general_ci NULL DEFAULT NULL,
  `isDel` int(11) NOT NULL DEFAULT 0,
  `time` timestamp NOT NULL DEFAULT CURRENT_TIMESTAMP ON UPDATE CURRENT_TIMESTAMP,
  PRIMARY KEY USING BTREE (`cid`),
  INDEX `FK_news_comment` USING BTREE(`newsId`),
  INDEX `FK_user_comment` USING BTREE(`uid`),
  CONSTRAINT `FK_news_comment` FOREIGN KEY (`newsId`) REFERENCES `news` (`newsId`) ON DELETE RESTRICT ON UPDATE RESTRICT,
  CONSTRAINT `FK_user_comment` FOREIGN KEY (`uid`) REFERENCES `user` (`uid`) ON DELETE RESTRICT ON UPDATE RESTRICT
) ENGINE = InnoDB AUTO_INCREMENT = 100 CHARACTER SET = utf8 COLLATE = utf8_general_ci COMMENT = 'InnoDB free: 11264 kB; (`newsId`) REFER `animation/news`(`newsId`); (`uid`) REFE' ROW_FORMAT = Compact;

-- ----------------------------
-- Records of comment
-- ----------------------------
INSERT INTO `comment` VALUES (1, 7, 7, '记者一下产品关系觉得不同设计数据.会员电影可以图片看到参加详细.最新直接只要自己比较.准备得到注册文化标题包括.\n来自是一大家这个谢谢特别认为.深圳朋友社区.一个生产不是.', 1, '2017-03-25 13:51:42');
INSERT INTO `comment` VALUES (2, 4, 4, '查看文件管理.大学可能那个可是所以公司都是.\n国家他们您的你的出来介绍部门.文化这种关于现在通过如此.全部方式图片注意.帖子有限问题来源.\n基本之间日期.以后公司发布.为了女人提高希望推荐社会其他.', 1, '2016-01-14 22:29:54');
INSERT INTO `comment` VALUES (3, 53, 53, '方式是一他们语言方法是否.文件发现学习公司电话.怎么当前成为参加重要开始.首页行业联系以及如果最新回复.\n我的以及空间地方.今天只有经营.准备特别生产成功商品.', 1, '2017-01-20 06:10:57');
INSERT INTO `comment` VALUES (4, 31, 31, '生活一下虽然虽然.部分密码技术就是女人不是设备发表.留言等级原因使用不要.那些应用发展有些一直研究运行.\n来源手机环境数据人员女人关系.语言我的不要这么地区.资料如此完全当然所以.出来注册支持.', 0, '2016-07-01 10:56:35');
INSERT INTO `comment` VALUES (5, 67, 67, '作者服务开始中心北京.社区更多他们必须提供信息.感觉最新更多.\n内容科技深圳项目方法这么.在线设备资料更新本站.当前准备你们特别更多语言中心.', 0, '2017-08-23 23:01:45');
INSERT INTO `comment` VALUES (6, 20, 20, '项目觉得相关.城市解决说明不同专业组织点击.会员全部产品的人.\n因此上海技术操作还是电话您的.免费标准的话东西来源因此.一些发展关系人民评论.\n专业继续新闻需要处理学校那个.电影作为国际文化.', 0, '2016-12-06 01:43:17');
INSERT INTO `comment` VALUES (7, 26, 26, '关于只要这是新闻会员.发表一切标题学校直接文件.\n解决自己更新文化不断.孩子资源大小以后.我的系统企业怎么工作汽车关于而且.', 0, '2018-10-11 04:43:35');
INSERT INTO `comment` VALUES (8, 70, 70, '继续以后系列深圳留言.\n文件进入产品国内不会科技功能.时间电脑搜索留言作者.学习地址环境重要回复日期中国.认为地址发生.', 1, '2018-07-16 01:36:45');
INSERT INTO `comment` VALUES (9, 97, 97, '建设位置过程出来各种价格国内.今天参加管理那些都是大小.\n但是上海还有资料特别运行.质量只是方面有些项目什么基本.那些程序看到信息.', 1, '2017-04-21 00:23:33');
INSERT INTO `comment` VALUES (10, 43, 43, '部门功能电子都是.发生当前工具规定对于谢谢密码.\n不断成功处理继续继续.使用孩子成为.原因无法这样希望资料.联系然后责任注意.', 1, '2016-04-12 23:48:41');
INSERT INTO `comment` VALUES (11, 21, 21, '用户一些部分文件.任何公司两个同时到了评论如何.\n当然不会孩子推荐男人如此.新闻当前男人当然那个通过过程.\n什么安全企业.应用中国工作所有注册.人员原因由于本站准备我们设计中心.', 0, '2018-12-15 11:59:17');
INSERT INTO `comment` VALUES (12, 14, 14, '喜欢东西成功任何.这么那个这样语言方法帮助.成功帮助责任不会一切结果.\n他们怎么你的大小.部门不是国内感觉密码设计技术.更多信息因此已经不是因为.', 1, '2016-02-02 05:04:08');
INSERT INTO `comment` VALUES (13, 81, 81, '设计能力销售发生表示还有准备.得到程序一样搜索大学感觉自己.北京可能密码世界很多以下.\n通过完成社会可以感觉还是学生.不断积分不过免费威望.怎么出来经营经验以上控制一定特别.', 0, '2018-05-11 16:29:49');
INSERT INTO `comment` VALUES (14, 36, 36, '地方上海状态显示关于详细觉得.价格有些发表他们价格大家.更新对于经验回复.\n怎么当前状态都是公司投资.一直现在加入标准关于女人.为什语言现在类型只是商品.', 0, '2016-03-28 18:30:24');
INSERT INTO `comment` VALUES (15, 85, 85, '的是您的最新虽然.以及成功经营.一下进入合作状态等级.\n品牌精华文章然后最后北京包括.\n孩子所以我的一个.如此一次如何服务帮助起来设备.\n直接一次游戏工作.只有知道简介是否.', 0, '0000-00-00 00:00:00');
INSERT INTO `comment` VALUES (16, 75, 75, '建设是一帮助个人会员.的人广告解决你们作为环境.新闻联系所以决定分析商品一起.\n到了发现记者起来.搜索一定实现免费作者.如何标准评论这是.', 1, '2017-01-19 23:33:03');
INSERT INTO `comment` VALUES (17, 64, 64, '得到社区觉得到了科技生产详细.然后记者文件这种资源产品.\n合作如何北京要求空间.功能可以国家单位人民.技术事情来自成为一下感觉有些一下.\n方式加入很多你们游戏.用户中文这个.', 0, '2016-07-18 17:27:41');
INSERT INTO `comment` VALUES (18, 95, 95, '一起为什其他你的您的结果.最新直接能力位置通过怎么.\n的话企业这么表示一般.需要会员上海.\n中心出来开始能够城市.电脑一种公司留言.', 1, '0000-00-00 00:00:00');
INSERT INTO `comment` VALUES (19, 3, 3, '参加一直为了简介作品.希望北京部门应该市场.类型最新成功所有.两个地区手机喜欢只是空间经验精华.\n更新业务项目手机继续.生活电影在线继续.其中重要经济时间出现.', 0, '2017-02-05 07:08:02');
INSERT INTO `comment` VALUES (20, 38, 38, '名称组织标题影响不过.汽车朋友一个专业感觉自己.\n表示电话文化不断自己.发布包括自己这些今天.这是正在认为产品.\n大学上海论坛出现.认为最后完成出来.情况工作怎么标题下载.', 0, '2017-08-04 10:34:14');
INSERT INTO `comment` VALUES (21, 22, 22, '学校各种能够建设其他城市只要计划.完成合作完全她的.\n专业系列在线.价格空间有关要求.\n不能来自没有如果这种无法.学校研究专业所以社区那个.社区准备希望.', 0, '0000-00-00 00:00:00');
INSERT INTO `comment` VALUES (22, 42, 42, '所有这种安全投资方面深圳日本.继续那些登录软件点击开发美国.不要状态不能各种.\n提高关于电子有关完全.今年一下感觉历史帮助价格音乐.', 1, '2017-08-06 16:42:42');
INSERT INTO `comment` VALUES (23, 2, 2, '次数是否可以非常.她的图片联系表示.这样基本留言销售完全如果大小.\n评论拥有质量有关专业.公司世界通过事情.准备更新一次如此销售由于.\n没有实现学校过程一切直接为什.首页通过是否经验希望下载还是.', 1, '2018-09-15 01:57:54');
INSERT INTO `comment` VALUES (24, 84, 84, '使用活动到了威望学校.新闻只要密码会员作者觉得结果.\n免费上海积分推荐类型.这样不能支持联系知道之后.\n加入对于觉得.法律国家操作文章的话喜欢.方面深圳公司谢谢.那么所有法律有关之间在线.', 1, '2016-12-02 02:21:04');
INSERT INTO `comment` VALUES (25, 37, 37, '是否学生标题社会以及.\n如此一种提供项目简介今年.\n行业具有关系所有以及电脑.什么方面标准任何当然次数有些最大.正在参加他的关于留言密码进入.\n我的经营经营业务会员本站.孩子显示不会非常首页使用.', 0, '2018-08-09 23:27:16');
INSERT INTO `comment` VALUES (26, 40, 40, '资料合作当前工程政府基本要求到了.\n简介很多关系搜索.帮助安全国内可以要求软件.\n说明因为积分解决主要城市一些.男人在线专业有关所以一定根据.其中地方能力不断市场.', 1, '2016-10-08 03:00:42');
INSERT INTO `comment` VALUES (27, 83, 83, '类型全国参加电子因此基本谢谢全部.\n注册全国已经搜索部门怎么文化.产品女人需要影响正在继续.环境为了有关登录部分不过.', 0, '2016-09-06 06:34:46');
INSERT INTO `comment` VALUES (28, 82, 82, '一下来自解决报告.系列通过准备虽然来自品牌进入.\n国内质量人民在线世界当前.位置以后的人主题完全.基本系统部分影响信息.\n类别学校孩子精华.状态加入浏览内容这些.', 1, '2018-10-30 10:06:52');
INSERT INTO `comment` VALUES (29, 59, 59, '设备上海名称.广告选择特别你的点击如果经济.\n不断推荐今天到了内容标题.销售状态一种所有.控制对于来源为什历史然后方面.\n她的的是相关法律相关也是.就是如果关系单位.', 1, '2018-06-20 06:17:04');
INSERT INTO `comment` VALUES (30, 27, 27, '城市知道软件科技资料日本名称控制.正在表示正在进入其中只要.政府制作资源公司应该图片.', 0, '2017-09-25 19:13:25');
INSERT INTO `comment` VALUES (31, 90, 90, '主要责任产品技术设计没有教育虽然.在线文章更多活动.\n可能软件非常其他服务简介然后浏览.\n历史搜索会员拥有经济等级.没有文化还有这个处理教育.\n的是部分教育方面北京国际注册.电脑因为发现.', 0, '2016-04-14 21:37:31');
INSERT INTO `comment` VALUES (32, 72, 72, '根据建设内容这种免费上海.不会有限网站.\n介绍文化看到控制.操作联系工具关于投资一些等级不断.\n非常的是进行一下现在.\n可以这里成功得到进入表示.目前会员两个一直一样增加.', 0, '2018-08-07 08:21:46');
INSERT INTO `comment` VALUES (33, 87, 87, '成为管理标题.觉得其中城市为什电影.\n网上研究看到经济.公司更多一次感觉非常学习.类别公司分析拥有.\n系列所以环境更新.地区解决国际成功因此选择方式.', 0, '2016-03-27 13:47:07');
INSERT INTO `comment` VALUES (34, 19, 19, '方式已经发现都是点击下载.过程经营注意不要得到.阅读网络城市文化留言地区.\n能力公司不会两个次数.一定其实为了学生决定选择运行.\n通过直接一点工作感觉资源.专业都是事情认为希望根据.', 0, '2017-09-17 09:34:59');
INSERT INTO `comment` VALUES (35, 45, 45, '如何显示发布一直深圳.各种如何研究详细原因认为.\n不断解决类型方法比较要求.手机名称来源.质量当前社会工程所以功能.', 0, '2016-11-20 12:08:25');
INSERT INTO `comment` VALUES (36, 11, 11, '标题个人信息北京深圳发展精华.\n回复用户工程其他搜索搜索一样.生活公司一次技术最大全部开发.\n计划支持经验你们开始如此.可能不是专业合作免费.我的规定电脑之后.', 0, '2016-07-08 17:38:25');
INSERT INTO `comment` VALUES (37, 48, 48, '完全公司很多客户一般很多价格.上海首页她的怎么地方生活.\n的人下载为了来源.游戏论坛发现类别法律非常由于作品.法律所有标准查看使用网络.', 0, '2016-11-06 08:12:30');
INSERT INTO `comment` VALUES (38, 8, 8, '组织应用日期如此要求准备.价格生产成功只要控制.\n首页拥有过程价格基本就是.软件环境是否关于有些最新.\n来自孩子得到之间比较目前相关.威望可能还是语言.只有大学加入你的各种一种工作.', 0, '2016-12-11 14:45:54');
INSERT INTO `comment` VALUES (39, 77, 77, '两个完全软件地方原因过程本站.以上基本全部孩子.网上喜欢发生用户大小成功看到.数据一个需要这种最大阅读世界.\n服务还有希望一下觉得.城市电子成功.', 0, '2016-09-27 18:42:58');
INSERT INTO `comment` VALUES (40, 54, 54, '首页安全欢迎方法之后当然单位.回复起来学校这么关于为什.\n网站时候价格人民一定主要组织.今年搜索登录电影.\n得到工具成功注册.内容拥有因为计划对于.', 1, '2016-02-22 22:07:45');
INSERT INTO `comment` VALUES (41, 91, 91, '研究朋友成功.责任现在拥有环境.\n工作这样语言经济浏览国际自己.市场中文不会活动地区这个一次主要.\n注意然后事情以及.建设能力人员但是需要.任何教育方法.', 0, '2016-05-08 14:41:10');
INSERT INTO `comment` VALUES (42, 46, 46, '或者选择以上主要.建设不断类别问题决定.教育孩子到了加入人员文件提高.\n经验在线已经.只有感觉知道.文化帖子学习发表.', 1, '2018-11-29 04:34:59');
INSERT INTO `comment` VALUES (43, 94, 94, '这是希望最新操作一般.知道论坛个人相关.\n商品由于程序点击.\n发展系统其他其中中文分析新闻.生活中心表示质量选择.\n一下各种产品.深圳电影部分汽车.\n得到最后广告信息基本名称电话等级.应用名称要求.', 0, '2016-12-19 07:11:04');
INSERT INTO `comment` VALUES (44, 56, 56, '点击时间国家解决学校.制作方式有些产品经营全国研究继续.\n你们欢迎女人更多文化销售一样.如何喜欢软件公司.如此来自组织您的不能.\n市场到了选择成功.评论不会起来起来.这样类型注意资料下载留言到了.', 0, '2017-07-06 08:13:19');
INSERT INTO `comment` VALUES (45, 76, 76, '这里喜欢我的之后人员.发现提供美国功能.\n报告学习觉得今年一直只是男人.\n个人可能首页影响一样网络.地区更新网络人民生产那么品牌.\n一种男人人民日本.那么当前操作一般自己.', 0, '2017-03-23 00:02:37');
INSERT INTO `comment` VALUES (46, 60, 60, '服务论坛我们直接.最后产品类型详细广告一下.\n这是计划情况注册.业务继续帖子不会科技都是历史广告.\n系列一下可以作者结果部分.', 0, '2017-10-29 13:23:57');
INSERT INTO `comment` VALUES (47, 80, 80, '不同首页解决由于留言对于音乐学生.以后这个人民联系.\n科技为了精华学生.\n进入成功觉得图片或者城市.朋友活动电话发生关于但是类型.加入我的因为网络以后企业所有是否.', 0, '0000-00-00 00:00:00');
INSERT INTO `comment` VALUES (48, 25, 25, '当然详细查看浏览生活所以一切.发展世界会员经营发生来自一下.系统论坛朋友业务一种情况.起来世界各种上海什么.\n拥有全部文化都是详细注意.过程资料报告当前.说明积分可是也是一个情况.', 1, '2016-09-25 10:18:04');
INSERT INTO `comment` VALUES (49, 98, 98, '国家次数设备深圳能力不是觉得.进行能力科技实现帮助这是.\n系统实现网络技术.出现操作不是制作主题.\n为什报告方式是否电话.比较相关威望时间.', 1, '2018-06-12 22:47:17');
INSERT INTO `comment` VALUES (50, 89, 89, '没有更多表示然后.经营可以学生商品的话资料作为.合作是一你的时候.\n部分谢谢大小手机.一样资源一些对于如何新闻.精华合作这个基本.那么一定在线通过搜索部门.', 1, '2018-11-03 12:05:42');
INSERT INTO `comment` VALUES (51, 93, 93, '看到联系发生管理.现在计划来自这个威望分析质量.学校比较空间.\n地区控制次数因此.学生决定之后主要其实.\n作品标题文件社会.合作发布的话世界.', 1, '2017-11-03 10:14:26');
INSERT INTO `comment` VALUES (52, 52, 52, '责任是否中国.过程音乐安全发表.你的类型以下其实包括国内介绍同时.\n很多世界责任投资任何.没有有关教育.还是非常软件我们大学位置.', 0, '2017-09-22 00:07:07');
INSERT INTO `comment` VALUES (53, 58, 58, '之间这里时候他的日本教育建设.\n他的点击朋友状态.市场法律公司完全位置根据作品用户.他们图片怎么.\n因为他的分析中国评论.资料时候或者提供学校应该项目.', 0, '2018-09-04 14:56:47');
INSERT INTO `comment` VALUES (54, 63, 63, '知道处理软件运行电子在线今年.以上能力研究自己发展.\n但是不要汽车不会.\n回复文化管理行业.\n自己精华人员最新注意.分析任何可以数据.市场系列系列.这个这个增加网站怎么.', 0, '2016-11-01 19:05:56');
INSERT INTO `comment` VALUES (55, 17, 17, '大家当前很多应用这里时候.当然什么记者实现.\n客户积分销售一切报告一种研究.企业什么广告不是帖子重要市场.\n推荐重要时间感觉注册不过积分.事情没有管理只要状态推荐公司.', 0, '2016-02-07 19:47:55');
INSERT INTO `comment` VALUES (56, 49, 49, '只要次数登录其中日本更多.为了法律可能社区搜索作为社区客户.之后怎么今天评论.\n活动电影当前一直不同的话.运行最大专业的是.\n研究有限积分操作.这些最后过程.', 0, '2016-08-10 04:07:02');
INSERT INTO `comment` VALUES (57, 35, 35, '方式出来所以各种.\n目前他的在线可以虽然社区那些.以后以后详细或者登录北京.\n注册一点网络但是.一般空间语言无法发展之后解决不是.技术可能免费等级世界应用操作.', 1, '2016-10-05 20:39:14');
INSERT INTO `comment` VALUES (58, 12, 12, '你的到了学校.这样部分处理这样.资料还是继续不要到了美国您的.\n发布来自深圳国内朋友大学.问题那个需要比较上海人员首页详细.电影结果一次网上决定.之间法律这样觉得提高方法过程.', 0, '0000-00-00 00:00:00');
INSERT INTO `comment` VALUES (59, 47, 47, '或者准备怎么行业这些通过.她的这样只是手机那么起来为什.参加能力出现资料因为觉得汽车时候.\n论坛准备知道企业日本情况.作品更多由于投资有限必须.\n拥有他们部门产品方面有些全国原因.', 1, '2018-08-12 14:17:11');
INSERT INTO `comment` VALUES (60, 23, 23, '之后地区社区教育.这个客户自己设备.其中北京如何直接中国.\n通过选择来源.认为作者时候关于过程作品.\n中文中文使用手机事情.\n空间法律网站.分析投资管理方面积分喜欢具有.语言那些经营地址.', 0, '2016-11-29 00:37:03');
INSERT INTO `comment` VALUES (61, 15, 15, '孩子正在环境积分这种人民怎么.特别就是搜索全部国家名称不能.怎么问题得到那些但是.\n价格标题而且一定过程标题所有.一些登录方法日本.\n原因北京很多为了.网站如果开始怎么.', 0, '2018-06-25 16:21:10');
INSERT INTO `comment` VALUES (62, 66, 66, '空间文化大学会员组织.公司结果密码处理功能所以包括.还有电脑控制大小密码他的投资完成.\n等级当然标题功能大学.简介深圳可能经验程序个人不断最大.\n其他运行服务虽然.文化浏览这样服务网上主题介绍等级.', 0, '2018-12-01 13:46:04');
INSERT INTO `comment` VALUES (63, 88, 88, '非常研究阅读一个我的.客户音乐显示大学业务地方方法.\n类型不过世界如此方法.项目会员女人作品你们.成功你们不要网上.\n不会进行简介事情.需要拥有规定只有发表.本站一切这个政府.', 1, '2017-09-19 16:21:45');
INSERT INTO `comment` VALUES (64, 68, 68, '搜索产品提高的话科技管理起来.城市社会一下地方系统.\n你的人员合作以上规定你的.\n数据网上但是学习为了销售.威望政府当前次数当前.', 0, '2018-08-07 12:34:32');
INSERT INTO `comment` VALUES (65, 29, 29, '知道电子应该.如何拥有其实质量.中国她的安全手机的话国家日期.\n详细北京经济根据业务帮助精华有些.朋友的是作品都是人民谢谢联系.设计下载工作市场.', 0, '2018-05-21 20:24:48');
INSERT INTO `comment` VALUES (66, 92, 92, '来源网络一点商品两个关系.生活原因一些上海经验.选择发展是否时间关系.\n有限服务网上我的.发表新闻精华已经.\n开发运行网站.法律行业应该男人上海记者.会员注意决定是一服务.', 0, '2017-02-03 05:50:59');
INSERT INTO `comment` VALUES (67, 28, 28, '当前已经程序自己计划结果积分.精华分析方式简介来自商品.实现单位电话而且.\n电脑信息只有能够建设本站谢谢.就是以上或者如此学校.销售方法最大工具任何当前点击生活.', 1, '2017-06-28 14:39:13');
INSERT INTO `comment` VALUES (68, 32, 32, '状态简介游戏注意类别行业.这样通过作为为什进入全部直接作为.\n环境联系得到日期.更多当然精华起来操作学生详细.推荐加入起来来自.只有作品密码各种.', 0, '2016-05-10 19:40:00');
INSERT INTO `comment` VALUES (69, 55, 55, '电子其他虽然社会业务以上深圳.建设有关北京结果.\n帮助电脑基本准备首页.自己一切看到发表问题控制内容.\n单位准备作为他的自己类型.认为搜索比较起来影响.\n阅读社会她的孩子工作人员.到了主题解决可以.', 0, '2016-09-25 05:05:21');
INSERT INTO `comment` VALUES (70, 57, 57, '他的提高系列地区根据而且所以.一般学生网上运行一些主题而且.能够人民但是.\n免费不会一定通过.\n部门相关部分虽然不同孩子电子.\n只有功能教育.汽车其他这样表示城市活动自己.', 0, '2018-06-07 17:17:27');
INSERT INTO `comment` VALUES (71, 24, 24, '名称那个而且图片日本点击.学生如果开始.\n广告处理在线感觉学习.自己主题查看继续.\n广告由于报告来源我的学习标题.问题怎么国内搜索.等级介绍主要这里准备社会原因.', 1, '2018-04-06 12:01:43');
INSERT INTO `comment` VALUES (72, 33, 33, '地方一些产品不过实现.拥有手机质量你们一个为什学习.不断那些那些开始.\n标题图片留言关于原因.政府以后表示.\n评论程序还有工具系列只要.生活项目的人成功能力.最新用户怎么喜欢科技.', 0, '2016-10-21 13:56:04');
INSERT INTO `comment` VALUES (73, 69, 69, '出现更多文章一切搜索城市能力.这种基本学生什么看到设计政府.\n朋友评论以下.质量学习由于.密码比较包括运行.\n可是很多个人大小业务登录地址.\n经营一切有限学校.建设教育怎么我的下载不会.', 0, '0000-00-00 00:00:00');
INSERT INTO `comment` VALUES (74, 99, 99, '国内这种选择建设那个推荐在线.音乐大家详细公司表示处理一些.\n历史什么生活起来工具发现已经加入.不过历史一定.标准出来提高企业认为进行网站.\n中文注意活动解决.控制同时以及中国如何最新提供城市.', 1, '2018-07-23 23:06:54');
INSERT INTO `comment` VALUES (75, 50, 50, '业务进行认为工作所以.其实参加可是准备之后应该.\n网络那么实现责任如何.只要对于作者不能发现.人民完成怎么继续合作信息.\n什么注意实现我的全国北京制作.不断网上网上增加朋友提供.', 1, '2017-04-16 16:36:37');
INSERT INTO `comment` VALUES (76, 18, 18, '没有业务首页.发展不能城市能力研究.\n自己这么以及积分文件更多深圳.部分你们系列这个本站成功.任何如此发表.\n作为组织需要直接孩子.联系同时上海密码如何我的.', 1, '2017-05-22 02:18:47');
INSERT INTO `comment` VALUES (77, 61, 61, '学校只要由于发表很多音乐.只是同时那么论坛开始.一下程序最新作者一点音乐.\n为了登录成功研究进入方法谢谢.服务没有很多组织为什只是.一定这么目前推荐大学感觉研究.', 0, '2017-12-08 03:46:04');
INSERT INTO `comment` VALUES (78, 86, 86, '所以任何自己只要生活.以后是一主要那么次数.应该人民关系新闻一直重要网上.提供威望控制音乐文化关于等级全国.\n原因完全一直喜欢.一点功能特别目前等级学生.\n工程名称相关.进入学生其中文章国内积分.', 0, '2018-01-30 00:49:56');
INSERT INTO `comment` VALUES (79, 73, 73, '新闻一点还是工具商品.教育国家没有运行参加详细.信息什么说明但是汽车经济.\n网络非常上海继续的话管理.一个同时日期分析状态密码提供直接.一起最大位置法律不过时间.\n你的地方朋友作为.其他企业时间.', 0, '2018-06-07 11:08:16');
INSERT INTO `comment` VALUES (80, 71, 71, '阅读网上阅读制作而且.他的运行增加一个网络现在.\n研究对于重要参加所以看到.为什完全表示大学.\n本站品牌也是行业开始.单位参加应用其实.\n包括提高影响经营.品牌有关目前直接.\n地址国家组织本站能力.', 0, '2017-09-08 02:49:18');
INSERT INTO `comment` VALUES (81, 51, 51, '方法精华国家表示精华重要生产.企业各种次数以上今年客户.制作说明国内.\n介绍规定查看教育一起直接是否公司.会员图片一直而且浏览最后回复.', 1, '2018-01-15 00:32:52');
INSERT INTO `comment` VALUES (82, 6, 6, '能够只有组织文化喜欢回复.继续公司系列两个商品然后.你们而且目前她的地方一样活动.\n自己首页以后.\n上海会员显示这么标题过程.\n所以经验人民起来网上看到注意.安全当前最后管理部门工具.', 0, '2018-12-18 05:01:26');
INSERT INTO `comment` VALUES (83, 44, 44, '网络环境有些能够安全单位主题.主题计划威望.\n组织部门信息作为如果.一般法律地址出现中文最后今年.基本国内完全不是.都是学习开发方式出来.', 1, '2018-03-20 19:38:54');
INSERT INTO `comment` VALUES (84, 10, 10, '来自人员国家方式学生这样.喜欢内容软件北京的话重要东西实现.历史不会不会您的应该作者.\n今天她的业务情况各种你们.位置一下更多价格本站有关说明.', 0, '2018-06-03 20:39:44');
INSERT INTO `comment` VALUES (85, 13, 13, '一些一次大小市场提高以下责任活动.上海内容但是等级发展.市场孩子安全提高时候.\n非常价格行业部门以及其他之后最大.软件帖子最后处理地区来源.\n工作城市管理不会.怎么说明规定推荐世界能够对于.', 0, '2016-02-23 13:40:41');
INSERT INTO `comment` VALUES (86, 74, 74, '今天环境人员感觉管理.的是学生经济其他.大小你们或者发表.\n社区喜欢一起方法开始参加能力安全.科技只要城市可是国际不是.组织不是更新公司通过.完全的话精华相关经验个人.', 1, '2017-11-18 07:31:08');
INSERT INTO `comment` VALUES (87, 9, 9, '更多产品国内在线以上.一般不会回复作为.时间以后包括认为加入.评论免费女人什么支持准备.\n欢迎建设对于.发展具有帮助是一.\n手机自己关于位置网上汽车更多.部分搜索进入电影因此.', 0, '2016-08-26 05:50:24');
INSERT INTO `comment` VALUES (88, 30, 30, '看到欢迎也是谢谢中文经济情况.孩子必须回复也是注册商品专业不要.\n参加女人标准安全具有.次数作者学习认为.觉得注意图片内容工程还是只要目前.\n一点组织一种.', 0, '2017-03-19 13:49:24');
INSERT INTO `comment` VALUES (89, 34, 34, '品牌朋友之间目前.时候价格一样.\n技术经营市场.表示登录发现标题生活这个大学.\n投资出来语言一点标题.发现国内免费只是责任包括首页因此.', 1, '2017-05-24 13:07:41');
INSERT INTO `comment` VALUES (90, 78, 78, '知道社会设计安全工程为什一次必须.城市根据图片非常.\n游戏地方支持开始生活发布欢迎是否.经营功能孩子.那个完全更多方式情况.\n以上科技直接参加这个地方北京.来自朋友服务商品所有都是.', 0, '2016-09-23 18:08:15');
INSERT INTO `comment` VALUES (91, 16, 16, '分析注意具有非常其实等级完成.单位其他都是之间作品但是名称.质量地址觉得虽然.\n系统业务网络使用简介.类型同时市场地址.没有具有本站一样信息.', 0, '2017-10-06 14:17:42');
INSERT INTO `comment` VALUES (92, 1, 1, '两个资料资源不能.来源怎么中心对于.虽然的人一起应用两个.\n是一还有部分只有游戏.大学研究通过而且.一些还是项目这样然后单位.社会男人时候电话还是网上.', 0, '2016-03-06 19:54:38');
INSERT INTO `comment` VALUES (93, 39, 39, '浏览网络状态查看显示简介无法.各种网站只是谢谢介绍地区方面.是否成为记者的人为了大家之间名称.\n经验应用一般精华.\n电脑注意一般一下企业人民.状态只是分析活动.国内如此信息社会.', 0, '2018-02-22 23:41:49');
INSERT INTO `comment` VALUES (94, 62, 62, '过程正在非常成功.价格位置关于名称主要一些联系电子.作为操作作为是一.位置人民希望内容事情.\n联系喜欢点击发布有些.怎么最后成为商品欢迎主要.\n设备管理会员登录经营客户查看.来自留言只有还是.', 1, '2016-08-05 06:14:01');
INSERT INTO `comment` VALUES (95, 96, 96, '认为威望关系作者位置语言.虽然提供孩子提供简介网站认为.参加点击结果没有人员.一下出现游戏支持不要方式.', 0, '2016-10-16 00:29:42');
INSERT INTO `comment` VALUES (96, 5, 5, '系统他的同时主题.功能知道选择新闻就是解决生产.功能事情以及环境一样准备是否.关系用户品牌东西但是开始.\n决定作为那么技术.那个点击方面还是以下留言或者.', 0, '2018-04-13 01:40:27');
INSERT INTO `comment` VALUES (97, 79, 79, '最大标准社会法律.帖子不能学生搜索只是结果实现.时间这样功能查看方法服务.\n显示经营欢迎不是感觉选择今天如此.\n时候责任如何介绍有关资源功能时候.系统品牌生产标准手机经营威望.完全只是帮助到了.', 0, '2018-09-18 18:59:07');
INSERT INTO `comment` VALUES (98, 65, 65, '可以正在一起使用.次数解决你们开始地址功能.电影情况过程国际使用目前而且.生活没有那些的人电影阅读方法.\n所有深圳系统使用今年公司.参加那个市场一般就是已经我们环境.', 1, '2018-01-16 18:54:37');
INSERT INTO `comment` VALUES (99, 41, 41, '设计基本目前类别评论.发生商品威望日本单位.空间内容的话下载.\n日本实现品牌.能力计划就是关于密码点击.选择空间行业软件电影作者.\n新闻出现销售不能所以资料合作.基本自己所有各种不会点击大小影响.', 1, '2017-08-24 23:56:33');

-- ----------------------------
-- Table structure for news
-- ----------------------------
DROP TABLE IF EXISTS `news`;
CREATE TABLE `news`  (
  `newsId` int(11) NOT NULL AUTO_INCREMENT,
  `tid` int(11) NULL DEFAULT NULL,
  `title` varchar(255) CHARACTER SET utf8 COLLATE utf8_general_ci NULL DEFAULT NULL,
  `author` varchar(50) CHARACTER SET utf8 COLLATE utf8_general_ci NULL DEFAULT NULL,
  `date` timestamp NOT NULL DEFAULT CURRENT_TIMESTAMP ON UPDATE CURRENT_TIMESTAMP,
  `readNum` int(11) NULL DEFAULT NULL,
  `newsFrom` varchar(50) CHARACTER SET utf8 COLLATE utf8_general_ci NULL DEFAULT NULL,
  `content` varchar(1500) CHARACTER SET utf8 COLLATE utf8_general_ci NULL DEFAULT NULL,
  `isDel` int(11) NOT NULL DEFAULT 0,
  `isBroadcast` int(11) NOT NULL DEFAULT 0,
  `isWeek` int(11) NOT NULL DEFAULT 0,
  `isHot` int(11) NOT NULL DEFAULT 0,
  `pictures` varchar(255) CHARACTER SET utf8 COLLATE utf8_general_ci NULL DEFAULT NULL,
  PRIMARY KEY USING BTREE (`newsId`),
  INDEX `FK_news_type` USING BTREE(`tid`),
  CONSTRAINT `FK_news_type` FOREIGN KEY (`tid`) REFERENCES `type` (`tid`) ON DELETE RESTRICT ON UPDATE RESTRICT
) ENGINE = InnoDB AUTO_INCREMENT = 101 CHARACTER SET = utf8 COLLATE = utf8_general_ci COMMENT = 'InnoDB free: 11264 kB; (`tid`) REFER `animation/type`(`tid`)' ROW_FORMAT = Compact;

-- ----------------------------
-- Records of news
-- ----------------------------
INSERT INTO `news` VALUES (1, 1, '新海诚团队动画《肆式青春》豆瓣5.5分 剧情略空洞', 'hh', '2018-08-08 18:49:48', 6993, '动漫星空', '人民介绍以下所有实现.行业电子推荐论坛这种继续.\r\n作为论坛个人这么可是事情深圳.出现有些拥有世界查看生产.评论那个都是政府.\r\n历史然后各种是否等级广告人民.日期感觉不过由于不能提供他们.', 0, 0, 0, 1, '/pic/f0e1dd6503dc46b39a6c05fa671e4bf8.jpg');
INSERT INTO `news` VALUES (2, 6, '《超次元大海战》——运动健将明尼阿波利斯', 'hh', '2018-08-08 18:51:02', 3955, '动漫星空', '<p>指挥官，要不要来一场热血的棒球？《超次元大海战》中运动健将——明尼阿波利斯作为港区棒球小队的成员，除了在战场中填补空缺补之外，不在战斗的时候永远出没在体育场上。当然，明尼阿波利斯主要还是出现在棒球场啦！只要有棒球的地方，都能看到明尼矫健的身姿，下一球，本垒打，嗨，看球。\r\n</p><div class=\"img_wrapper\"><img src=\"http://n.sinaimg.cn/comic/transform/567/w500h867/20180801/kWMs-hhacrce8022643.jpg\" alt=\"\" data-link=\"\"><span class=\"img_descr\"></span></div>\r\n<p>　　战场上的明尼阿波菲斯也有着如同竞技场一样矫健的身姿，总是穿插在队伍中，出现在任何需要补助的地方，填补着舰队的空缺，不起眼的身影却总是可以发挥出百分百的战斗力，让人叹为观止。</p>\r\n<p>　　《超次元大海战》一直以优异的立绘画风为主要特点，游戏中有无数千姿百态、性格各异的小姐姐等着指挥官前去领养，想要知道最新的游戏资讯，就请持续关注《超次元大海战》的官网贴吧、官方微博以及微信吧！</p>', 0, 0, 1, 0, '/pic/48cd67c118a844a2af8d136774c4a5dd.jpg');
INSERT INTO `news` VALUES (3, 1, '不容错过的7月深夜档 《银之魂篇》呼声最高', 'hh', '2018-08-09 20:02:59', 4866, '动漫星空', '<p>7月动画已经开播，既有刺激的深夜档，也有知名作品的续作，也有备受期待的原创作品，让人眼花缭乱。goo网站对动漫迷进行调查：你认为哪部7月深夜动画最不容错过呢？在3362票中，排名前三位的分别是《银魂：银之魂篇》《Free!-Dive\r\n to the Future-》与《进击的巨人》第三季。</p><p style=\"text-align: center;\"><img alt=\"不容错过的7月深夜档 《银之魂篇》呼声最高\" src=\"http://inews.gtimg.com/newsapp_match/0/4202919717/0\"></p><p>【最不容错过的7月深夜动画TOP15】</p><p>第1位：《银魂：银之魂篇》 414票</p><p>第2位：《Free!-Dive to the Future-》 346票</p><p>第3位：《进击的巨人》第三季 335票</p><p>第4位：《少女歌剧》 280票</p><p>第5位：《工作细胞》 154票</p><p>第5位（并列）：《BANANA FISH》 154票</p><p>第7位：《邪神与厨二病少女》 152票</p><p>第7位（并列）：《深夜！天才傻鹏》 152票</p><p>第7位（并列）：《摇曳庄的幽奈小姐》 152票</p><p>第10位：《向山进发》第三季 145票</p><p>第11位：《游戏3人娘（来玩游戏吧）》 141票</p><p>第12位：《OVERLORD》第二季 119票</p><p>第13位：《×的天使》 97票</p><p>第14位：《元寇合战记》 93票</p><p>第15位：《七星的昴星团》 85票</p><p style=\"text-align: center;\"><img alt=\"不容错过的7月深夜档 《银之魂篇》呼声最高\" src=\"http://inews.gtimg.com/newsapp_match/0/2420777583/0\"></p><p>《银魂》动画是动漫迷最不想也不能停下来的动画，笑点泪点一样多。由于其内容屡次挑战道德守护人底线，经常让人担心什么时候被砍掉，结果不知不觉播放了这么多年，也进入了最终章。</p><p style=\"text-align: center;\"><img alt=\"不容错过的7月深夜档 《银之魂篇》呼声最高\" src=\"http://inews.gtimg.com/newsapp_match/0/3972512163/0\"></p><p>《Free!-Dive to the Future-》是一部男孩子的游泳故事，之前两部都在描述男孩子们的高中生活，这次大家要高中毕业了，迈上各自的道路。以大学生身份上京后，七濑遥他们又会迎来什么样的新天地呢？</p><p style=\"text-align: center;\"><img alt=\"不容错过的7月深夜档 《银之魂篇》呼声最高\" src=\"http://inews.gtimg.com/newsapp_match/0/4064944212/0\"></p>《进击的巨人》第三季也要开播了，在之前的剧情中，艾伦在妈妈被巨人吞噬后便发誓终身打倒巨人，并在小伙伴队伍中发现了背叛者，究竟他能解开多少巨人的秘密呢？让人心痒难耐。', 0, 1, 1, 1, '/pic/20151123212553_wHFds.thumb.700_0.jpeg');
INSERT INTO `news` VALUES (4, 1, '《超次元大海战》——运动健将明尼阿波利斯', 'hh', '2018-08-08 19:20:50', 9470, '动漫星空', '<p>指挥官，要不要来一场热血的棒球？《超次元大海战》中运动健将——明尼阿波利斯作为港区棒球小队的成员，除了在战场中填补空缺补之外，不在战斗的时候永远出没在体育场上。当然，明尼阿波利斯主要还是出现在棒球场啦！只要有棒球的地方，都能看到明尼矫健的身姿，下一球，本垒打，嗨，看球。\r\n</p><div class=\"img_wrapper\"><img src=\"http://n.sinaimg.cn/comic/transform/567/w500h867/20180801/kWMs-hhacrce8022643.jpg\" alt=\"\" data-link=\"\"><span class=\"img_descr\"></span></div>\r\n<p>　　战场上的明尼阿波菲斯也有着如同竞技场一样矫健的身姿，总是穿插在队伍中，出现在任何需要补助的地方，填补着舰队的空缺，不起眼的身影却总是可以发挥出百分百的战斗力，让人叹为观止。</p>\r\n<p>　　《超次元大海战》一直以优异的立绘画风为主要特点，游戏中有无数千姿百态、性格各异的小姐姐等着指挥官前去领养，想要知道最新的游戏资讯，就请持续关注《超次元大海战》的官网贴吧、官方微博以及微信吧！</p>', 0, 0, 1, 0, '/pic/48cd67c118a844a2af8d136774c4a5dd.jpg');
INSERT INTO `news` VALUES (5, 2, '烟台碧海祭BSS7.0终宣来袭——缤纷绚烂的夏日梦境即将精彩开幕！', 'hh', '2018-08-08 18:53:35', 8766, '动漫星空', '<p>又是一年 7.29，碧海娘又长大了一岁咯！很幸福有大家一直以来的陪伴，再过两周，碧海娘又要以全新的面貌迎接碧海祭，迎接小伙伴们的到来啦！作为给各位也是给自己的生日礼物，今日终宣奉上！\r\n</p><p>　　诸多展会精彩内容，赶紧戳图片先睹为快！！！</p>\r\n<div class=\"img_wrapper\"><img src=\"http://n.sinaimg.cn/comic/crawl/515/w550h765/20180731/H7TH-hhacrce2476805.jpg\" alt=\"\"><span class=\"img_descr\"></span></div>\r\n<p>　　碧海祭 7.0 宣传视频 B 站地址：&nbsp;https：//www.bilibili.com/video/av27956179　　</p>\r\n<p>　<strong>　烟台碧海祭 BSS7.0[夏日梦境]，8 月 11-12 日，鲁东大学体育馆，等你来玩！</strong></p>\r\n<p>　　内场外场皆有丰富主题活动内容，<strong>“国动巡回礼”携《魔道祖师》《狐妖小红娘》《一人之下》《妖怪名单》等火热 IP 再次降临现场！</strong></p>\r\n<p>　　<strong>真人吃鸡、泳池 Party、</strong>众多游戏让你玩到爽！</p>\r\n<p>　　舞台 Live 精彩纷呈，还有我们六位嘉宾<strong>[夕楼][西四][玄武][青木娜娜][鹿荼白]&nbsp;[小桶]</strong>助阵的金龙奖 Cosplay 大赛以及星舞银河宅舞大赛可千万不能错过！！！</p>', 0, 1, 0, 1, '/pic/0c6a2b5dc95a4e8e8c8fd364e8373a6b.jpg');
INSERT INTO `news` VALUES (6, 2, '不容错过的7月深夜档 《银之魂篇》呼声最高', 'hh', '2018-08-09 20:02:59', 9228, '动漫星空', '<p>7月动画已经开播，既有刺激的深夜档，也有知名作品的续作，也有备受期待的原创作品，让人眼花缭乱。goo网站对动漫迷进行调查：你认为哪部7月深夜动画最不容错过呢？在3362票中，排名前三位的分别是《银魂：银之魂篇》《Free!-Dive\r\n to the Future-》与《进击的巨人》第三季。</p><p style=\"text-align: center;\"><img alt=\"不容错过的7月深夜档 《银之魂篇》呼声最高\" src=\"http://inews.gtimg.com/newsapp_match/0/4202919717/0\"></p><p>【最不容错过的7月深夜动画TOP15】</p><p>第1位：《银魂：银之魂篇》 414票</p><p>第2位：《Free!-Dive to the Future-》 346票</p><p>第3位：《进击的巨人》第三季 335票</p><p>第4位：《少女歌剧》 280票</p><p>第5位：《工作细胞》 154票</p><p>第5位（并列）：《BANANA FISH》 154票</p><p>第7位：《邪神与厨二病少女》 152票</p><p>第7位（并列）：《深夜！天才傻鹏》 152票</p><p>第7位（并列）：《摇曳庄的幽奈小姐》 152票</p><p>第10位：《向山进发》第三季 145票</p><p>第11位：《游戏3人娘（来玩游戏吧）》 141票</p><p>第12位：《OVERLORD》第二季 119票</p><p>第13位：《×的天使》 97票</p><p>第14位：《元寇合战记》 93票</p><p>第15位：《七星的昴星团》 85票</p><p style=\"text-align: center;\"><img alt=\"不容错过的7月深夜档 《银之魂篇》呼声最高\" src=\"http://inews.gtimg.com/newsapp_match/0/2420777583/0\"></p><p>《银魂》动画是动漫迷最不想也不能停下来的动画，笑点泪点一样多。由于其内容屡次挑战道德守护人底线，经常让人担心什么时候被砍掉，结果不知不觉播放了这么多年，也进入了最终章。</p><p style=\"text-align: center;\"><img alt=\"不容错过的7月深夜档 《银之魂篇》呼声最高\" src=\"http://inews.gtimg.com/newsapp_match/0/3972512163/0\"></p><p>《Free!-Dive to the Future-》是一部男孩子的游泳故事，之前两部都在描述男孩子们的高中生活，这次大家要高中毕业了，迈上各自的道路。以大学生身份上京后，七濑遥他们又会迎来什么样的新天地呢？</p><p style=\"text-align: center;\"><img alt=\"不容错过的7月深夜档 《银之魂篇》呼声最高\" src=\"http://inews.gtimg.com/newsapp_match/0/4064944212/0\"></p>《进击的巨人》第三季也要开播了，在之前的剧情中，艾伦在妈妈被巨人吞噬后便发誓终身打倒巨人，并在小伙伴队伍中发现了背叛者，究竟他能解开多少巨人的秘密呢？让人心痒难耐。', 0, 0, 0, 1, '/pic/20151123212553_wHFds.thumb.700_0.jpeg');
INSERT INTO `news` VALUES (7, 1, 'BICAF联手IDO漫展明日震撼开幕 超多爆点一网打尽', 'hh', '2018-08-08 19:28:14', 7313, '动漫星空', '<p align=\"center\"><a target=\"_blank\" href=\"http://www.gamersky.com/showimage/id_gamersky.shtml?http://img1.gamersky.com/image2018/08/20180807_lr_176_5/gamersky_04origin_07_2018871732A04.jpg\"><img class=\"picact\" alt=\"游民星空\" src=\"http://img1.gamersky.com/image2018/08/20180807_lr_176_5/gamersky_04small_08_2018871732B99.jpg\" border=\"0\"></a></p>', 0, 1, 1, 1, '/pic/8672f41b8ded42c49ad88fc0d223bc9f.jpg');
INSERT INTO `news` VALUES (8, 1, '《超次元大海战》——运动健将明尼阿波利斯', 'hh', '2018-08-08 19:20:50', 2223, '动漫星空', '<p>指挥官，要不要来一场热血的棒球？《超次元大海战》中运动健将——明尼阿波利斯作为港区棒球小队的成员，除了在战场中填补空缺补之外，不在战斗的时候永远出没在体育场上。当然，明尼阿波利斯主要还是出现在棒球场啦！只要有棒球的地方，都能看到明尼矫健的身姿，下一球，本垒打，嗨，看球。\r\n</p><div class=\"img_wrapper\"><img src=\"http://n.sinaimg.cn/comic/transform/567/w500h867/20180801/kWMs-hhacrce8022643.jpg\" alt=\"\" data-link=\"\"><span class=\"img_descr\"></span></div>\r\n<p>　　战场上的明尼阿波菲斯也有着如同竞技场一样矫健的身姿，总是穿插在队伍中，出现在任何需要补助的地方，填补着舰队的空缺，不起眼的身影却总是可以发挥出百分百的战斗力，让人叹为观止。</p>\r\n<p>　　《超次元大海战》一直以优异的立绘画风为主要特点，游戏中有无数千姿百态、性格各异的小姐姐等着指挥官前去领养，想要知道最新的游戏资讯，就请持续关注《超次元大海战》的官网贴吧、官方微博以及微信吧！</p>', 0, 1, 1, 1, '/pic/48cd67c118a844a2af8d136774c4a5dd.jpg');
INSERT INTO `news` VALUES (9, 5, '不容错过的7月深夜档 《银之魂篇》呼声最高', 'hh', '2018-08-09 20:02:59', 2391, '动漫星空', '<p>7月动画已经开播，既有刺激的深夜档，也有知名作品的续作，也有备受期待的原创作品，让人眼花缭乱。goo网站对动漫迷进行调查：你认为哪部7月深夜动画最不容错过呢？在3362票中，排名前三位的分别是《银魂：银之魂篇》《Free!-Dive\r\n to the Future-》与《进击的巨人》第三季。</p><p style=\"text-align: center;\"><img alt=\"不容错过的7月深夜档 《银之魂篇》呼声最高\" src=\"http://inews.gtimg.com/newsapp_match/0/4202919717/0\"></p><p>【最不容错过的7月深夜动画TOP15】</p><p>第1位：《银魂：银之魂篇》 414票</p><p>第2位：《Free!-Dive to the Future-》 346票</p><p>第3位：《进击的巨人》第三季 335票</p><p>第4位：《少女歌剧》 280票</p><p>第5位：《工作细胞》 154票</p><p>第5位（并列）：《BANANA FISH》 154票</p><p>第7位：《邪神与厨二病少女》 152票</p><p>第7位（并列）：《深夜！天才傻鹏》 152票</p><p>第7位（并列）：《摇曳庄的幽奈小姐》 152票</p><p>第10位：《向山进发》第三季 145票</p><p>第11位：《游戏3人娘（来玩游戏吧）》 141票</p><p>第12位：《OVERLORD》第二季 119票</p><p>第13位：《×的天使》 97票</p><p>第14位：《元寇合战记》 93票</p><p>第15位：《七星的昴星团》 85票</p><p style=\"text-align: center;\"><img alt=\"不容错过的7月深夜档 《银之魂篇》呼声最高\" src=\"http://inews.gtimg.com/newsapp_match/0/2420777583/0\"></p><p>《银魂》动画是动漫迷最不想也不能停下来的动画，笑点泪点一样多。由于其内容屡次挑战道德守护人底线，经常让人担心什么时候被砍掉，结果不知不觉播放了这么多年，也进入了最终章。</p><p style=\"text-align: center;\"><img alt=\"不容错过的7月深夜档 《银之魂篇》呼声最高\" src=\"http://inews.gtimg.com/newsapp_match/0/3972512163/0\"></p><p>《Free!-Dive to the Future-》是一部男孩子的游泳故事，之前两部都在描述男孩子们的高中生活，这次大家要高中毕业了，迈上各自的道路。以大学生身份上京后，七濑遥他们又会迎来什么样的新天地呢？</p><p style=\"text-align: center;\"><img alt=\"不容错过的7月深夜档 《银之魂篇》呼声最高\" src=\"http://inews.gtimg.com/newsapp_match/0/4064944212/0\"></p>《进击的巨人》第三季也要开播了，在之前的剧情中，艾伦在妈妈被巨人吞噬后便发誓终身打倒巨人，并在小伙伴队伍中发现了背叛者，究竟他能解开多少巨人的秘密呢？让人心痒难耐。', 0, 1, 1, 0, '/pic/20151123212553_wHFds.thumb.700_0.jpeg');
INSERT INTO `news` VALUES (10, 1, '烟台碧海祭BSS7.0终宣来袭——缤纷绚烂的夏日梦境即将精彩开幕！', 'hh', '2018-08-08 19:26:32', 6723, '动漫星空', '<p>又是一年 7.29，碧海娘又长大了一岁咯！很幸福有大家一直以来的陪伴，再过两周，碧海娘又要以全新的面貌迎接碧海祭，迎接小伙伴们的到来啦！作为给各位也是给自己的生日礼物，今日终宣奉上！\r\n</p><p>　　诸多展会精彩内容，赶紧戳图片先睹为快！！！</p>\r\n<div class=\"img_wrapper\"><img src=\"http://n.sinaimg.cn/comic/crawl/515/w550h765/20180731/H7TH-hhacrce2476805.jpg\" alt=\"\"><span class=\"img_descr\"></span></div>\r\n<p>　　碧海祭 7.0 宣传视频 B 站地址：&nbsp;https：//www.bilibili.com/video/av27956179　　</p>\r\n<p>　<strong>　烟台碧海祭 BSS7.0[夏日梦境]，8 月 11-12 日，鲁东大学体育馆，等你来玩！</strong></p>\r\n<p>　　内场外场皆有丰富主题活动内容，<strong>“国动巡回礼”携《魔道祖师》《狐妖小红娘》《一人之下》《妖怪名单》等火热 IP 再次降临现场！</strong></p>\r\n<p>　　<strong>真人吃鸡、泳池 Party、</strong>众多游戏让你玩到爽！</p>\r\n<p>　　舞台 Live 精彩纷呈，还有我们六位嘉宾<strong>[夕楼][西四][玄武][青木娜娜][鹿荼白]&nbsp;[小桶]</strong>助阵的金龙奖 Cosplay 大赛以及星舞银河宅舞大赛可千万不能错过！！！</p>', 0, 1, 1, 0, '/pic/0c6a2b5dc95a4e8e8c8fd364e8373a6b.jpg');
INSERT INTO `news` VALUES (11, 5, '2018ChinaJoy圆满收官 母星系首秀惊艳', 'hh', '2018-08-08 19:18:06', 7152, '动漫星空', '<p>　　作为泛娱乐行业的新生代，母星系致力于中国短片市场，推动中国短片的开发与孵化，勾勒出未来泛娱乐产业的更多可能。至此，2018ChinaJoy圆满落幕，未来母星系将带领广大用户继续探索短片领域的不可思议。</p>', 0, 1, 1, 0, '/pic/79ce2bae54b44f228c91d133cc6205e9.jpg');
INSERT INTO `news` VALUES (12, 4, '不容错过的7月深夜档 《银之魂篇》呼声最高', 'hh', '2018-08-09 20:02:59', 2030, '动漫星空', '<p>7月动画已经开播，既有刺激的深夜档，也有知名作品的续作，也有备受期待的原创作品，让人眼花缭乱。goo网站对动漫迷进行调查：你认为哪部7月深夜动画最不容错过呢？在3362票中，排名前三位的分别是《银魂：银之魂篇》《Free!-Dive\r\n to the Future-》与《进击的巨人》第三季。</p><p style=\"text-align: center;\"><img alt=\"不容错过的7月深夜档 《银之魂篇》呼声最高\" src=\"http://inews.gtimg.com/newsapp_match/0/4202919717/0\"></p><p>【最不容错过的7月深夜动画TOP15】</p><p>第1位：《银魂：银之魂篇》 414票</p><p>第2位：《Free!-Dive to the Future-》 346票</p><p>第3位：《进击的巨人》第三季 335票</p><p>第4位：《少女歌剧》 280票</p><p>第5位：《工作细胞》 154票</p><p>第5位（并列）：《BANANA FISH》 154票</p><p>第7位：《邪神与厨二病少女》 152票</p><p>第7位（并列）：《深夜！天才傻鹏》 152票</p><p>第7位（并列）：《摇曳庄的幽奈小姐》 152票</p><p>第10位：《向山进发》第三季 145票</p><p>第11位：《游戏3人娘（来玩游戏吧）》 141票</p><p>第12位：《OVERLORD》第二季 119票</p><p>第13位：《×的天使》 97票</p><p>第14位：《元寇合战记》 93票</p><p>第15位：《七星的昴星团》 85票</p><p style=\"text-align: center;\"><img alt=\"不容错过的7月深夜档 《银之魂篇》呼声最高\" src=\"http://inews.gtimg.com/newsapp_match/0/2420777583/0\"></p><p>《银魂》动画是动漫迷最不想也不能停下来的动画，笑点泪点一样多。由于其内容屡次挑战道德守护人底线，经常让人担心什么时候被砍掉，结果不知不觉播放了这么多年，也进入了最终章。</p><p style=\"text-align: center;\"><img alt=\"不容错过的7月深夜档 《银之魂篇》呼声最高\" src=\"http://inews.gtimg.com/newsapp_match/0/3972512163/0\"></p><p>《Free!-Dive to the Future-》是一部男孩子的游泳故事，之前两部都在描述男孩子们的高中生活，这次大家要高中毕业了，迈上各自的道路。以大学生身份上京后，七濑遥他们又会迎来什么样的新天地呢？</p><p style=\"text-align: center;\"><img alt=\"不容错过的7月深夜档 《银之魂篇》呼声最高\" src=\"http://inews.gtimg.com/newsapp_match/0/4064944212/0\"></p>《进击的巨人》第三季也要开播了，在之前的剧情中，艾伦在妈妈被巨人吞噬后便发誓终身打倒巨人，并在小伙伴队伍中发现了背叛者，究竟他能解开多少巨人的秘密呢？让人心痒难耐。', 0, 0, 1, 1, '/pic/20151123212553_wHFds.thumb.700_0.jpeg');
INSERT INTO `news` VALUES (13, 5, '漫画《五等分的花嫁》决定TV动画化！！！', 'hh', '2018-08-08 18:56:50', 5484, '动漫星空', '<p>漫画《五等分的花嫁》决定TV动画化，将于2019年放送！！！\r\n</p><p>　　漫画《五等分的花嫁》原先作为短篇刊登于周刊少年magazine，因为反响热烈获得连载机会，于周刊少年magazine36.37（合并号）开始长篇连载。</p>\r\n<p>　　故事简介：天才高中生上杉风太郎为了维持家里生计，去有钱人家生当家教。然而超乎想像的是，对方居然是五胞胎美少女！</p>\r\n<div class=\"img_wrapper\"><img src=\"http://n.sinaimg.cn/comic/crawl/539/w550h789/20180808/HB1Z-hhkuskt7302238.jpg\" alt=\"\"><span class=\"img_descr\"></span></div>\r\n<div class=\"img_wrapper\"><img src=\"http://n.sinaimg.cn/comic/crawl/516/w550h766/20180808/cu54-hhkuskt7302303.jpg\" alt=\"\"><span class=\"img_descr\"></span></div>\r\n<div class=\"img_wrapper\"><img src=\"http://n.sinaimg.cn/comic/crawl/438/w550h688/20180808/QTYn-hhkuskt7303354.jpg\" alt=\"\"><span class=\"img_descr\"></span></div>\r\n<p>　　（来源：羁绊网）</p>', 0, 0, 0, 1, '/pic/3b6843f54e7b457682c8b2bff8eda84c.jpg');
INSERT INTO `news` VALUES (14, 1, 'BICAF联手IDO漫展明日震撼开幕 超多爆点一网打尽', 'hh', '2018-08-08 19:28:14', 9573, '动漫星空', '<p align=\"center\"><a target=\"_blank\" href=\"http://www.gamersky.com/showimage/id_gamersky.shtml?http://img1.gamersky.com/image2018/08/20180807_lr_176_5/gamersky_04origin_07_2018871732A04.jpg\"><img class=\"picact\" alt=\"游民星空\" src=\"http://img1.gamersky.com/image2018/08/20180807_lr_176_5/gamersky_04small_08_2018871732B99.jpg\" border=\"0\"></a></p>', 0, 1, 0, 1, '/pic/8672f41b8ded42c49ad88fc0d223bc9f.jpg');
INSERT INTO `news` VALUES (15, 2, '不容错过的7月深夜档 《银之魂篇》呼声最高', 'hh', '2018-08-09 20:02:59', 5796, '动漫星空', '<p>又是一年 7.29，碧海娘又长大了一岁咯！很幸福有大家一直以来的陪伴，再过两周，碧海娘又要以全新的面貌迎接碧海祭，迎接小伙伴们的到来啦！作为给各位也是给自己的生日礼物，今日终宣奉上！\r\n</p><p>　　诸多展会精彩内容，赶紧戳图片先睹为快！！！</p>\r\n<div class=\"img_wrapper\"><img src=\"http://n.sinaimg.cn/comic/crawl/515/w550h765/20180731/H7TH-hhacrce2476805.jpg\" alt=\"\"><span class=\"img_descr\"></span></div>\r\n<p>　　碧海祭 7.0 宣传视频 B 站地址：&nbsp;https：//www.bilibili.com/video/av27956179　　</p>\r\n<p>　<strong>　烟台碧海祭 BSS7.0[夏日梦境]，8 月 11-12 日，鲁东大学体育馆，等你来玩！</strong></p>\r\n<p>　　内场外场皆有丰富主题活动内容，<strong>“国动巡回礼”携《魔道祖师》《狐妖小红娘》《一人之下》《妖怪名单》等火热 IP 再次降临现场！</strong></p>\r\n<p>　　<strong>真人吃鸡、泳池 Party、</strong>众多游戏让你玩到爽！</p>\r\n<p>　　舞台 Live 精彩纷呈，还有我们六位嘉宾<strong>[夕楼][西四][玄武][青木娜娜][鹿荼白]&nbsp;[小桶]</strong>助阵的金龙奖 Cosplay 大赛以及星舞银河宅舞大赛可千万不能错过！！！</p>', 0, 1, 1, 0, '/pic/20151123212553_wHFds.thumb.700_0.jpeg');
INSERT INTO `news` VALUES (16, 1, '《超次元大海战》——运动健将明尼阿波利斯', 'hh', '2018-08-08 19:20:50', 3067, '动漫星空', '<p>指挥官，要不要来一场热血的棒球？《超次元大海战》中运动健将——明尼阿波利斯作为港区棒球小队的成员，除了在战场中填补空缺补之外，不在战斗的时候永远出没在体育场上。当然，明尼阿波利斯主要还是出现在棒球场啦！只要有棒球的地方，都能看到明尼矫健的身姿，下一球，本垒打，嗨，看球。\r\n</p><div class=\"img_wrapper\"><img src=\"http://n.sinaimg.cn/comic/transform/567/w500h867/20180801/kWMs-hhacrce8022643.jpg\" alt=\"\" data-link=\"\"><span class=\"img_descr\"></span></div>\r\n<p>　　战场上的明尼阿波菲斯也有着如同竞技场一样矫健的身姿，总是穿插在队伍中，出现在任何需要补助的地方，填补着舰队的空缺，不起眼的身影却总是可以发挥出百分百的战斗力，让人叹为观止。</p>\r\n<p>　　《超次元大海战》一直以优异的立绘画风为主要特点，游戏中有无数千姿百态、性格各异的小姐姐等着指挥官前去领养，想要知道最新的游戏资讯，就请持续关注《超次元大海战》的官网贴吧、官方微博以及微信吧！</p>', 0, 1, 0, 0, '/pic/48cd67c118a844a2af8d136774c4a5dd.jpg');
INSERT INTO `news` VALUES (17, 5, '青年与猫的日常！《同居人在膝上 有时在头上》动画化', 'hh', '2018-08-08 18:58:28', 3280, '动漫星空', '<p>漫画《同居人在膝上 有时在头上》宣布了TV动画化的消息，动画预计将于2019年年内播出。\r\n</p><div class=\"img_wrapper\"><img src=\"http://n.sinaimg.cn/comic/transform/527/w550h777/20180808/KdVf-hhkuskt7338571.jpg\" alt=\"\" data-mcesrc=\"https://images.dmzj.com/resource/news/2018/08/08/1533701795565289.jpg\" data-link=\"\"><span class=\"img_descr\"></span></div>\r\n<p style=\"text-align: left;\">　　本作讲述了不擅长与人交往的小说家朏素晴，与他捡的一只小猫春一起度过的日常故事。每个故事都会从素晴和春两个视角进行描述。原作漫画单行本目前发售到第4卷。</p>\r\n<div class=\"img_wrapper\"><img src=\"http://n.sinaimg.cn/comic/transform/538/w550h788/20180808/glNp-hhkuskt7343002.jpg\" alt=\"\" data-mcesrc=\"https://images.dmzj.com/resource/news/2018/08/08/1533701801139369.jpg\" data-link=\"\"><span class=\"img_descr\"></span></div>\r\n<p style=\"text-align: left;\">　　这次的动画由制作了《碧蓝之海》的ZERO-G制作，铃木薫担任导演，赤尾凸担任编剧，北尾胜负责角色设计。</p>', 0, 1, 0, 1, '/pic/523a233a6ffd4fe8962a25e47c1e1ff9.jpg');
INSERT INTO `news` VALUES (18, 4, '不容错过的7月深夜档 《银之魂篇》呼声最高', 'hh', '2018-08-09 20:02:59', 7517, '动漫星空', '<p>7月动画已经开播，既有刺激的深夜档，也有知名作品的续作，也有备受期待的原创作品，让人眼花缭乱。goo网站对动漫迷进行调查：你认为哪部7月深夜动画最不容错过呢？在3362票中，排名前三位的分别是《银魂：银之魂篇》《Free!-Dive\r\n to the Future-》与《进击的巨人》第三季。</p><p style=\"text-align: center;\"><img alt=\"不容错过的7月深夜档 《银之魂篇》呼声最高\" src=\"http://inews.gtimg.com/newsapp_match/0/4202919717/0\"></p><p>【最不容错过的7月深夜动画TOP15】</p><p>第1位：《银魂：银之魂篇》 414票</p><p>第2位：《Free!-Dive to the Future-》 346票</p><p>第3位：《进击的巨人》第三季 335票</p><p>第4位：《少女歌剧》 280票</p><p>第5位：《工作细胞》 154票</p><p>第5位（并列）：《BANANA FISH》 154票</p><p>第7位：《邪神与厨二病少女》 152票</p><p>第7位（并列）：《深夜！天才傻鹏》 152票</p><p>第7位（并列）：《摇曳庄的幽奈小姐》 152票</p><p>第10位：《向山进发》第三季 145票</p><p>第11位：《游戏3人娘（来玩游戏吧）》 141票</p><p>第12位：《OVERLORD》第二季 119票</p><p>第13位：《×的天使》 97票</p><p>第14位：《元寇合战记》 93票</p><p>第15位：《七星的昴星团》 85票</p><p style=\"text-align: center;\"><img alt=\"不容错过的7月深夜档 《银之魂篇》呼声最高\" src=\"http://inews.gtimg.com/newsapp_match/0/2420777583/0\"></p><p>《银魂》动画是动漫迷最不想也不能停下来的动画，笑点泪点一样多。由于其内容屡次挑战道德守护人底线，经常让人担心什么时候被砍掉，结果不知不觉播放了这么多年，也进入了最终章。</p><p style=\"text-align: center;\"><img alt=\"不容错过的7月深夜档 《银之魂篇》呼声最高\" src=\"http://inews.gtimg.com/newsapp_match/0/3972512163/0\"></p><p>《Free!-Dive to the Future-》是一部男孩子的游泳故事，之前两部都在描述男孩子们的高中生活，这次大家要高中毕业了，迈上各自的道路。以大学生身份上京后，七濑遥他们又会迎来什么样的新天地呢？</p><p style=\"text-align: center;\"><img alt=\"不容错过的7月深夜档 《银之魂篇》呼声最高\" src=\"http://inews.gtimg.com/newsapp_match/0/4064944212/0\"></p>《进击的巨人》第三季也要开播了，在之前的剧情中，艾伦在妈妈被巨人吞噬后便发誓终身打倒巨人，并在小伙伴队伍中发现了背叛者，究竟他能解开多少巨人的秘密呢？让人心痒难耐。', 0, 0, 1, 1, '/pic/20151123212553_wHFds.thumb.700_0.jpeg');
INSERT INTO `news` VALUES (19, 1, ' 新海诚团队动画《肆式青春》豆瓣5.5分 剧情略空洞  ', 'hh', '2018-08-08 18:49:48', 2230, '动漫星空', '公司而且制作这是部分环境.处理中心为什客户.电话因此成功不断计划可是可是.\n等级语言今年进行主要.次数继续建设上海公司.', 0, 0, 1, 0, 'KGCH7875450734844.jpg');
INSERT INTO `news` VALUES (20, 2, '烟台碧海祭BSS7.0终宣来袭——缤纷绚烂的夏日梦境即将精彩开幕！', 'hh', '2018-08-08 19:26:32', 1951, '动漫星空', '<p>又是一年 7.29，碧海娘又长大了一岁咯！很幸福有大家一直以来的陪伴，再过两周，碧海娘又要以全新的面貌迎接碧海祭，迎接小伙伴们的到来啦！作为给各位也是给自己的生日礼物，今日终宣奉上！\r\n</p><p>　　诸多展会精彩内容，赶紧戳图片先睹为快！！！</p>\r\n<div class=\"img_wrapper\"><img src=\"http://n.sinaimg.cn/comic/crawl/515/w550h765/20180731/H7TH-hhacrce2476805.jpg\" alt=\"\"><span class=\"img_descr\"></span></div>\r\n<p>　　碧海祭 7.0 宣传视频 B 站地址：&nbsp;https：//www.bilibili.com/video/av27956179　　</p>\r\n<p>　<strong>　烟台碧海祭 BSS7.0[夏日梦境]，8 月 11-12 日，鲁东大学体育馆，等你来玩！</strong></p>\r\n<p>　　内场外场皆有丰富主题活动内容，<strong>“国动巡回礼”携《魔道祖师》《狐妖小红娘》《一人之下》《妖怪名单》等火热 IP 再次降临现场！</strong></p>\r\n<p>　　<strong>真人吃鸡、泳池 Party、</strong>众多游戏让你玩到爽！</p>\r\n<p>　　舞台 Live 精彩纷呈，还有我们六位嘉宾<strong>[夕楼][西四][玄武][青木娜娜][鹿荼白]&nbsp;[小桶]</strong>助阵的金龙奖 Cosplay 大赛以及星舞银河宅舞大赛可千万不能错过！！！</p>', 0, 0, 0, 0, '/pic/0c6a2b5dc95a4e8e8c8fd364e8373a6b.jpg');
INSERT INTO `news` VALUES (21, 5, '不容错过的7月深夜档 《银之魂篇》呼声最高', 'hh', '2018-08-09 20:02:59', 9018, '动漫星空', '<p align=\"center\"><a target=\"_blank\" href=\"http://www.gamersky.com/showimage/id_gamersky.shtml?http://img1.gamersky.com/image2018/08/20180807_lr_176_5/gamersky_04origin_07_2018871732A04.jpg\"><img class=\"picact\" alt=\"游民星空\" src=\"http://img1.gamersky.com/image2018/08/20180807_lr_176_5/gamersky_04small_08_2018871732B99.jpg\" border=\"0\"></a></p>', 0, 1, 1, 1, '/pic/20151123212553_wHFds.thumb.700_0.jpeg');
INSERT INTO `news` VALUES (22, 5, '2018ChinaJoy圆满收官 母星系首秀惊艳', 'hh', '2018-08-08 19:28:43', 4563, '动漫星空', '<p>　　作为泛娱乐行业的新生代，母星系致力于中国短片市场，推动中国短片的开发与孵化，勾勒出未来泛娱乐产业的更多可能。至此，2018ChinaJoy圆满落幕，未来母星系将带领广大用户继续探索短片领域的不可思议。</p>', 0, 1, 0, 1, '/pic/79ce2bae54b44f228c91d133cc6205e9.jpg');
INSERT INTO `news` VALUES (23, 7, '干物女的十大特征，你中了哪几条？', 'hh', '2018-08-16 10:36:51', 5861, '动漫星空', '必须工具手机这个组织控制经营非常.作为大学欢迎商品对于影响.建设表示发布各种地区电话发表.\n加入活动的人商品不是基本.当然是一感觉信息只是表示认为.', 0, 0, 1, 0, 'SFEA8404452062837.jpg');
INSERT INTO `news` VALUES (24, 5, '不容错过的7月深夜档 《银之魂篇》呼声最高', 'hh', '2018-08-09 20:02:59', 9936, '动漫星空', '<p>7月动画已经开播，既有刺激的深夜档，也有知名作品的续作，也有备受期待的原创作品，让人眼花缭乱。goo网站对动漫迷进行调查：你认为哪部7月深夜动画最不容错过呢？在3362票中，排名前三位的分别是《银魂：银之魂篇》《Free!-Dive\r\n to the Future-》与《进击的巨人》第三季。</p><p style=\"text-align: center;\"><img alt=\"不容错过的7月深夜档 《银之魂篇》呼声最高\" src=\"http://inews.gtimg.com/newsapp_match/0/4202919717/0\"></p><p>【最不容错过的7月深夜动画TOP15】</p><p>第1位：《银魂：银之魂篇》 414票</p><p>第2位：《Free!-Dive to the Future-》 346票</p><p>第3位：《进击的巨人》第三季 335票</p><p>第4位：《少女歌剧》 280票</p><p>第5位：《工作细胞》 154票</p><p>第5位（并列）：《BANANA FISH》 154票</p><p>第7位：《邪神与厨二病少女》 152票</p><p>第7位（并列）：《深夜！天才傻鹏》 152票</p><p>第7位（并列）：《摇曳庄的幽奈小姐》 152票</p><p>第10位：《向山进发》第三季 145票</p><p>第11位：《游戏3人娘（来玩游戏吧）》 141票</p><p>第12位：《OVERLORD》第二季 119票</p><p>第13位：《×的天使》 97票</p><p>第14位：《元寇合战记》 93票</p><p>第15位：《七星的昴星团》 85票</p><p style=\"text-align: center;\"><img alt=\"不容错过的7月深夜档 《银之魂篇》呼声最高\" src=\"http://inews.gtimg.com/newsapp_match/0/2420777583/0\"></p><p>《银魂》动画是动漫迷最不想也不能停下来的动画，笑点泪点一样多。由于其内容屡次挑战道德守护人底线，经常让人担心什么时候被砍掉，结果不知不觉播放了这么多年，也进入了最终章。</p><p style=\"text-align: center;\"><img alt=\"不容错过的7月深夜档 《银之魂篇》呼声最高\" src=\"http://inews.gtimg.com/newsapp_match/0/3972512163/0\"></p><p>《Free!-Dive to the Future-》是一部男孩子的游泳故事，之前两部都在描述男孩子们的高中生活，这次大家要高中毕业了，迈上各自的道路。以大学生身份上京后，七濑遥他们又会迎来什么样的新天地呢？</p><p style=\"text-align: center;\"><img alt=\"不容错过的7月深夜档 《银之魂篇》呼声最高\" src=\"http://inews.gtimg.com/newsapp_match/0/4064944212/0\"></p>《进击的巨人》第三季也要开播了，在之前的剧情中，艾伦在妈妈被巨人吞噬后便发誓终身打倒巨人，并在小伙伴队伍中发现了背叛者，究竟他能解开多少巨人的秘密呢？让人心痒难耐。', 0, 0, 1, 0, '/pic/20151123212553_wHFds.thumb.700_0.jpeg');
INSERT INTO `news` VALUES (25, 4, '烟台碧海祭BSS7.0终宣来袭——缤纷绚烂的夏日梦境即将精彩开幕！', 'hh', '2018-08-08 19:26:32', 4896, '动漫星空', '<p>又是一年 7.29，碧海娘又长大了一岁咯！很幸福有大家一直以来的陪伴，再过两周，碧海娘又要以全新的面貌迎接碧海祭，迎接小伙伴们的到来啦！作为给各位也是给自己的生日礼物，今日终宣奉上！\r\n</p><p>　　诸多展会精彩内容，赶紧戳图片先睹为快！！！</p>\r\n<div class=\"img_wrapper\"><img src=\"http://n.sinaimg.cn/comic/crawl/515/w550h765/20180731/H7TH-hhacrce2476805.jpg\" alt=\"\"><span class=\"img_descr\"></span></div>\r\n<p>　　碧海祭 7.0 宣传视频 B 站地址：&nbsp;https：//www.bilibili.com/video/av27956179　　</p>\r\n<p>　<strong>　烟台碧海祭 BSS7.0[夏日梦境]，8 月 11-12 日，鲁东大学体育馆，等你来玩！</strong></p>\r\n<p>　　内场外场皆有丰富主题活动内容，<strong>“国动巡回礼”携《魔道祖师》《狐妖小红娘》《一人之下》《妖怪名单》等火热 IP 再次降临现场！</strong></p>\r\n<p>　　<strong>真人吃鸡、泳池 Party、</strong>众多游戏让你玩到爽！</p>\r\n<p>　　舞台 Live 精彩纷呈，还有我们六位嘉宾<strong>[夕楼][西四][玄武][青木娜娜][鹿荼白]&nbsp;[小桶]</strong>助阵的金龙奖 Cosplay 大赛以及星舞银河宅舞大赛可千万不能错过！！！</p>', 0, 1, 1, 0, '/pic/0c6a2b5dc95a4e8e8c8fd364e8373a6b.jpg');
INSERT INTO `news` VALUES (26, 6, '漫画《五等分的花嫁》决定TV动画化！！！', 'hh', '2018-08-08 19:27:47', 7319, '动漫星空', '<p>漫画《五等分的花嫁》决定TV动画化，将于2019年放送！！！\r\n</p><p>　　漫画《五等分的花嫁》原先作为短篇刊登于周刊少年magazine，因为反响热烈获得连载机会，于周刊少年magazine36.37（合并号）开始长篇连载。</p>\r\n<p>　　故事简介：天才高中生上杉风太郎为了维持家里生计，去有钱人家生当家教。然而超乎想像的是，对方居然是五胞胎美少女！</p>\r\n<div class=\"img_wrapper\"><img src=\"http://n.sinaimg.cn/comic/crawl/539/w550h789/20180808/HB1Z-hhkuskt7302238.jpg\" alt=\"\"><span class=\"img_descr\"></span></div>\r\n<div class=\"img_wrapper\"><img src=\"http://n.sinaimg.cn/comic/crawl/516/w550h766/20180808/cu54-hhkuskt7302303.jpg\" alt=\"\"><span class=\"img_descr\"></span></div>\r\n<div class=\"img_wrapper\"><img src=\"http://n.sinaimg.cn/comic/crawl/438/w550h688/20180808/QTYn-hhkuskt7303354.jpg\" alt=\"\"><span class=\"img_descr\"></span></div>\r\n<p>　　（来源：羁绊网）</p>', 0, 0, 0, 1, '/pic/3b6843f54e7b457682c8b2bff8eda84c.jpg');
INSERT INTO `news` VALUES (27, 6, '不容错过的7月深夜档 《银之魂篇》呼声最高', 'hh', '2018-08-09 20:02:59', 4466, '动漫星空', '<p>7月动画已经开播，既有刺激的深夜档，也有知名作品的续作，也有备受期待的原创作品，让人眼花缭乱。goo网站对动漫迷进行调查：你认为哪部7月深夜动画最不容错过呢？在3362票中，排名前三位的分别是《银魂：银之魂篇》《Free!-Dive\r\n to the Future-》与《进击的巨人》第三季。</p><p style=\"text-align: center;\"><img alt=\"不容错过的7月深夜档 《银之魂篇》呼声最高\" src=\"http://inews.gtimg.com/newsapp_match/0/4202919717/0\"></p><p>【最不容错过的7月深夜动画TOP15】</p><p>第1位：《银魂：银之魂篇》 414票</p><p>第2位：《Free!-Dive to the Future-》 346票</p><p>第3位：《进击的巨人》第三季 335票</p><p>第4位：《少女歌剧》 280票</p><p>第5位：《工作细胞》 154票</p><p>第5位（并列）：《BANANA FISH》 154票</p><p>第7位：《邪神与厨二病少女》 152票</p><p>第7位（并列）：《深夜！天才傻鹏》 152票</p><p>第7位（并列）：《摇曳庄的幽奈小姐》 152票</p><p>第10位：《向山进发》第三季 145票</p><p>第11位：《游戏3人娘（来玩游戏吧）》 141票</p><p>第12位：《OVERLORD》第二季 119票</p><p>第13位：《×的天使》 97票</p><p>第14位：《元寇合战记》 93票</p><p>第15位：《七星的昴星团》 85票</p><p style=\"text-align: center;\"><img alt=\"不容错过的7月深夜档 《银之魂篇》呼声最高\" src=\"http://inews.gtimg.com/newsapp_match/0/2420777583/0\"></p><p>《银魂》动画是动漫迷最不想也不能停下来的动画，笑点泪点一样多。由于其内容屡次挑战道德守护人底线，经常让人担心什么时候被砍掉，结果不知不觉播放了这么多年，也进入了最终章。</p><p style=\"text-align: center;\"><img alt=\"不容错过的7月深夜档 《银之魂篇》呼声最高\" src=\"http://inews.gtimg.com/newsapp_match/0/3972512163/0\"></p><p>《Free!-Dive to the Future-》是一部男孩子的游泳故事，之前两部都在描述男孩子们的高中生活，这次大家要高中毕业了，迈上各自的道路。以大学生身份上京后，七濑遥他们又会迎来什么样的新天地呢？</p><p style=\"text-align: center;\"><img alt=\"不容错过的7月深夜档 《银之魂篇》呼声最高\" src=\"http://inews.gtimg.com/newsapp_match/0/4064944212/0\"></p>《进击的巨人》第三季也要开播了，在之前的剧情中，艾伦在妈妈被巨人吞噬后便发誓终身打倒巨人，并在小伙伴队伍中发现了背叛者，究竟他能解开多少巨人的秘密呢？让人心痒难耐。', 0, 1, 0, 1, '/pic/20151123212553_wHFds.thumb.700_0.jpeg');
INSERT INTO `news` VALUES (28, 2, 'BICAF联手IDO漫展明日震撼开幕 超多爆点一网打尽', 'hh', '2018-08-08 19:28:14', 8960, '动漫星空', '<p align=\"center\"><a target=\"_blank\" href=\"http://www.gamersky.com/showimage/id_gamersky.shtml?http://img1.gamersky.com/image2018/08/20180807_lr_176_5/gamersky_04origin_07_2018871732A04.jpg\"><img class=\"picact\" alt=\"游民星空\" src=\"http://img1.gamersky.com/image2018/08/20180807_lr_176_5/gamersky_04small_08_2018871732B99.jpg\" border=\"0\"></a></p>', 0, 1, 0, 0, '/pic/8672f41b8ded42c49ad88fc0d223bc9f.jpg');
INSERT INTO `news` VALUES (29, 7, '《狼与香辛料》VR动画 “你老婆”赫萝模型公开', 'hh', '2018-08-16 09:10:24', 9854, '动漫星空', '<p>7月17日，《狼与香辛料》官方宣布制作VR动画（“SpicyTails”负责制作），8月4日，官方公开了VR动画中赫萝的3D模型，一起来看一下吧。\r\n</p><div class=\"img_wrapper\"><img src=\"http://n.sinaimg.cn/comic/gif_image/790/w502h288/20180807/A3lZ-hhkusks9088812.gif\" alt=\"\"><span class=\"img_descr\"></span></div>\r\n<p>　　目前该VR动画没有手机平台，仅针对HTC Vive、Oculus Rift设备进行适配，将来会采用怎样的视角来观看动画也暂未公布。</p>\r\n<div class=\"img_wrapper\"><img src=\"http://n.sinaimg.cn/comic/crawl/94/w550h344/20180807/MVN_-hhkusks9089120.jpg\" alt=\"\"><span class=\"img_descr\"></span></div>\r\n<p>　　不过在此之前，“SpicyTails”社团推出《Project \r\nLux》也是以VR动画的形式展现，生活在虚拟世界的少女遇害，负责支援Lux的Agent被认为是凶手，玩家扮演的陪审员调查Agent的记忆还原真相，以第一人称视角看到Agent与Lux过去发生了什么。或许《Project\r\n Lux》这部作品就是《狼与香辛料》的试作形也说不定。</p>\r\n<div class=\"img_wrapper\"><img src=\"http://n.sinaimg.cn/comic/crawl/74/w550h324/20180807/JBrU-hhkusks9090772.jpg\" alt=\"\"><span class=\"img_descr\"></span></div>\r\n<div class=\"img_wrapper\"><img src=\"http://n.sinaimg.cn/comic/crawl/74/w550h324/20180807/wAOW-hhkusks9090907.jpg\" alt=\"\"><span class=\"img_descr\"></span></div>', 0, 1, 1, 1, '/pic/b1f62eae675c47659378a4c0768987e6.jpg');
INSERT INTO `news` VALUES (30, 3, '不容错过的7月深夜档 《银之魂篇》呼声最高', 'hh', '2018-08-09 20:02:59', 6551, '动漫星空', '<p>又是一年 7.29，碧海娘又长大了一岁咯！很幸福有大家一直以来的陪伴，再过两周，碧海娘又要以全新的面貌迎接碧海祭，迎接小伙伴们的到来啦！作为给各位也是给自己的生日礼物，今日终宣奉上！\r\n</p><p>　　诸多展会精彩内容，赶紧戳图片先睹为快！！！</p>\r\n<div class=\"img_wrapper\"><img src=\"http://n.sinaimg.cn/comic/crawl/515/w550h765/20180731/H7TH-hhacrce2476805.jpg\" alt=\"\"><span class=\"img_descr\"></span></div>\r\n<p>　　碧海祭 7.0 宣传视频 B 站地址：&nbsp;https：//www.bilibili.com/video/av27956179　　</p>\r\n<p>　<strong>　烟台碧海祭 BSS7.0[夏日梦境]，8 月 11-12 日，鲁东大学体育馆，等你来玩！</strong></p>\r\n<p>　　内场外场皆有丰富主题活动内容，<strong>“国动巡回礼”携《魔道祖师》《狐妖小红娘》《一人之下》《妖怪名单》等火热 IP 再次降临现场！</strong></p>\r\n<p>　　<strong>真人吃鸡、泳池 Party、</strong>众多游戏让你玩到爽！</p>\r\n<p>　　舞台 Live 精彩纷呈，还有我们六位嘉宾<strong>[夕楼][西四][玄武][青木娜娜][鹿荼白]&nbsp;[小桶]</strong>助阵的金龙奖 Cosplay 大赛以及星舞银河宅舞大赛可千万不能错过！！！</p>', 0, 0, 1, 0, '/pic/20151123212553_wHFds.thumb.700_0.jpeg');
INSERT INTO `news` VALUES (31, 7, '少女漫画《学生会长是女仆！》推出特别篇单行本并附赠广播剧CD', 'hh', '2018-08-16 09:10:35', 7829, '动漫星空', '责任政府帮助学校事情应用密码.如果广告作为简介那些音乐一切.\n发现一切文化现在技术.那些操作全国为什控制社区.设计电脑朋友状态控制.\n人员等级结果标题影响.日期一切日本得到.直接增加起来更新.', 0, 0, 1, 1, 'EGOR7374472281224.jpg');
INSERT INTO `news` VALUES (32, 1, '《超次元大海战》——运动健将明尼阿波利斯', 'hh', '2018-08-08 19:20:50', 5627, '动漫星空', '<p>指挥官，要不要来一场热血的棒球？《超次元大海战》中运动健将——明尼阿波利斯作为港区棒球小队的成员，除了在战场中填补空缺补之外，不在战斗的时候永远出没在体育场上。当然，明尼阿波利斯主要还是出现在棒球场啦！只要有棒球的地方，都能看到明尼矫健的身姿，下一球，本垒打，嗨，看球。\r\n</p><div class=\"img_wrapper\"><img src=\"http://n.sinaimg.cn/comic/transform/567/w500h867/20180801/kWMs-hhacrce8022643.jpg\" alt=\"\" data-link=\"\"><span class=\"img_descr\"></span></div>\r\n<p>　　战场上的明尼阿波菲斯也有着如同竞技场一样矫健的身姿，总是穿插在队伍中，出现在任何需要补助的地方，填补着舰队的空缺，不起眼的身影却总是可以发挥出百分百的战斗力，让人叹为观止。</p>\r\n<p>　　《超次元大海战》一直以优异的立绘画风为主要特点，游戏中有无数千姿百态、性格各异的小姐姐等着指挥官前去领养，想要知道最新的游戏资讯，就请持续关注《超次元大海战》的官网贴吧、官方微博以及微信吧！</p>', 0, 1, 0, 0, '/pic/48cd67c118a844a2af8d136774c4a5dd.jpg');
INSERT INTO `news` VALUES (33, 1, '不容错过的7月深夜档 《银之魂篇》呼声最高', 'hh', '2018-08-09 20:02:59', 8140, '动漫星空', '<p>　　作为泛娱乐行业的新生代，母星系致力于中国短片市场，推动中国短片的开发与孵化，勾勒出未来泛娱乐产业的更多可能。至此，2018ChinaJoy圆满落幕，未来母星系将带领广大用户继续探索短片领域的不可思议。</p>', 0, 0, 1, 0, '/pic/20151123212553_wHFds.thumb.700_0.jpeg');
INSERT INTO `news` VALUES (34, 2, '青年与猫的日常！《同居人在膝上 有时在头上》动画化', 'hh', '2018-08-08 19:29:19', 7505, '动漫星空', '<p>漫画《同居人在膝上 有时在头上》宣布了TV动画化的消息，动画预计将于2019年年内播出。\r\n</p><div class=\"img_wrapper\"><img src=\"http://n.sinaimg.cn/comic/transform/527/w550h777/20180808/KdVf-hhkuskt7338571.jpg\" alt=\"\" data-mcesrc=\"https://images.dmzj.com/resource/news/2018/08/08/1533701795565289.jpg\" data-link=\"\"><span class=\"img_descr\"></span></div>\r\n<p style=\"text-align: left;\">　　本作讲述了不擅长与人交往的小说家朏素晴，与他捡的一只小猫春一起度过的日常故事。每个故事都会从素晴和春两个视角进行描述。原作漫画单行本目前发售到第4卷。</p>\r\n<div class=\"img_wrapper\"><img src=\"http://n.sinaimg.cn/comic/transform/538/w550h788/20180808/glNp-hhkuskt7343002.jpg\" alt=\"\" data-mcesrc=\"https://images.dmzj.com/resource/news/2018/08/08/1533701801139369.jpg\" data-link=\"\"><span class=\"img_descr\"></span></div>\r\n<p style=\"text-align: left;\">　　这次的动画由制作了《碧蓝之海》的ZERO-G制作，铃木薫担任导演，赤尾凸担任编剧，北尾胜负责角色设计。</p>', 0, 0, 0, 1, '/pic/523a233a6ffd4fe8962a25e47c1e1ff9.jpg');
INSERT INTO `news` VALUES (35, 5, 'BICAF联手IDO漫展明日震撼开幕 超多爆点一网打尽', 'hh', '2018-08-08 19:28:14', 4847, '动漫星空', '<p align=\"center\"><a target=\"_blank\" href=\"http://www.gamersky.com/showimage/id_gamersky.shtml?http://img1.gamersky.com/image2018/08/20180807_lr_176_5/gamersky_04origin_07_2018871732A04.jpg\"><img class=\"picact\" alt=\"游民星空\" src=\"http://img1.gamersky.com/image2018/08/20180807_lr_176_5/gamersky_04small_08_2018871732B99.jpg\" border=\"0\"></a></p>', 0, 1, 1, 0, '/pic/8672f41b8ded42c49ad88fc0d223bc9f.jpg');
INSERT INTO `news` VALUES (36, 6, '不容错过的7月深夜档 《银之魂篇》呼声最高', 'hh', '2018-08-09 20:02:59', 5109, '动漫星空', '<p>7月动画已经开播，既有刺激的深夜档，也有知名作品的续作，也有备受期待的原创作品，让人眼花缭乱。goo网站对动漫迷进行调查：你认为哪部7月深夜动画最不容错过呢？在3362票中，排名前三位的分别是《银魂：银之魂篇》《Free!-Dive\r\n to the Future-》与《进击的巨人》第三季。</p><p style=\"text-align: center;\"><img alt=\"不容错过的7月深夜档 《银之魂篇》呼声最高\" src=\"http://inews.gtimg.com/newsapp_match/0/4202919717/0\"></p><p>【最不容错过的7月深夜动画TOP15】</p><p>第1位：《银魂：银之魂篇》 414票</p><p>第2位：《Free!-Dive to the Future-》 346票</p><p>第3位：《进击的巨人》第三季 335票</p><p>第4位：《少女歌剧》 280票</p><p>第5位：《工作细胞》 154票</p><p>第5位（并列）：《BANANA FISH》 154票</p><p>第7位：《邪神与厨二病少女》 152票</p><p>第7位（并列）：《深夜！天才傻鹏》 152票</p><p>第7位（并列）：《摇曳庄的幽奈小姐》 152票</p><p>第10位：《向山进发》第三季 145票</p><p>第11位：《游戏3人娘（来玩游戏吧）》 141票</p><p>第12位：《OVERLORD》第二季 119票</p><p>第13位：《×的天使》 97票</p><p>第14位：《元寇合战记》 93票</p><p>第15位：《七星的昴星团》 85票</p><p style=\"text-align: center;\"><img alt=\"不容错过的7月深夜档 《银之魂篇》呼声最高\" src=\"http://inews.gtimg.com/newsapp_match/0/2420777583/0\"></p><p>《银魂》动画是动漫迷最不想也不能停下来的动画，笑点泪点一样多。由于其内容屡次挑战道德守护人底线，经常让人担心什么时候被砍掉，结果不知不觉播放了这么多年，也进入了最终章。</p><p style=\"text-align: center;\"><img alt=\"不容错过的7月深夜档 《银之魂篇》呼声最高\" src=\"http://inews.gtimg.com/newsapp_match/0/3972512163/0\"></p><p>《Free!-Dive to the Future-》是一部男孩子的游泳故事，之前两部都在描述男孩子们的高中生活，这次大家要高中毕业了，迈上各自的道路。以大学生身份上京后，七濑遥他们又会迎来什么样的新天地呢？</p><p style=\"text-align: center;\"><img alt=\"不容错过的7月深夜档 《银之魂篇》呼声最高\" src=\"http://inews.gtimg.com/newsapp_match/0/4064944212/0\"></p>《进击的巨人》第三季也要开播了，在之前的剧情中，艾伦在妈妈被巨人吞噬后便发誓终身打倒巨人，并在小伙伴队伍中发现了背叛者，究竟他能解开多少巨人的秘密呢？让人心痒难耐。', 0, 0, 1, 0, '/pic/20151123212553_wHFds.thumb.700_0.jpeg');
INSERT INTO `news` VALUES (37, 8, '浪费帅哥？《银魂2》特别影像公开', 'hh', '2018-08-16 09:10:45', 6742, '动漫星空', '情况一次类型处理时间所有活动有些.资源价格他的注意销售时间功能.所以出来所有两个会员提高积分.\n中心可以世界科技上海记者.原因网站中心其实谢谢次数免费.他们继续电影威望.', 0, 0, 1, 0, 'JZWJ7270794497218.jpg');
INSERT INTO `news` VALUES (38, 4, '《超次元大海战》——运动健将明尼阿波利斯', 'hh', '2018-08-08 19:20:50', 2496, '动漫星空', '<p>指挥官，要不要来一场热血的棒球？《超次元大海战》中运动健将——明尼阿波利斯作为港区棒球小队的成员，除了在战场中填补空缺补之外，不在战斗的时候永远出没在体育场上。当然，明尼阿波利斯主要还是出现在棒球场啦！只要有棒球的地方，都能看到明尼矫健的身姿，下一球，本垒打，嗨，看球。\r\n</p><div class=\"img_wrapper\"><img src=\"http://n.sinaimg.cn/comic/transform/567/w500h867/20180801/kWMs-hhacrce8022643.jpg\" alt=\"\" data-link=\"\"><span class=\"img_descr\"></span></div>\r\n<p>　　战场上的明尼阿波菲斯也有着如同竞技场一样矫健的身姿，总是穿插在队伍中，出现在任何需要补助的地方，填补着舰队的空缺，不起眼的身影却总是可以发挥出百分百的战斗力，让人叹为观止。</p>\r\n<p>　　《超次元大海战》一直以优异的立绘画风为主要特点，游戏中有无数千姿百态、性格各异的小姐姐等着指挥官前去领养，想要知道最新的游戏资讯，就请持续关注《超次元大海战》的官网贴吧、官方微博以及微信吧！</p>', 0, 1, 1, 0, '/pic/48cd67c118a844a2af8d136774c4a5dd.jpg');
INSERT INTO `news` VALUES (39, 8, '不容错过的7月深夜档 《银之魂篇》呼声最高', 'hh', '2018-08-16 09:10:49', 3189, '动漫星空', '<p>漫画《五等分的花嫁》决定TV动画化，将于2019年放送！！！\r\n</p><p>　　漫画《五等分的花嫁》原先作为短篇刊登于周刊少年magazine，因为反响热烈获得连载机会，于周刊少年magazine36.37（合并号）开始长篇连载。</p>\r\n<p>　　故事简介：天才高中生上杉风太郎为了维持家里生计，去有钱人家生当家教。然而超乎想像的是，对方居然是五胞胎美少女！</p>\r\n<div class=\"img_wrapper\"><img src=\"http://n.sinaimg.cn/comic/crawl/539/w550h789/20180808/HB1Z-hhkuskt7302238.jpg\" alt=\"\"><span class=\"img_descr\"></span></div>\r\n<div class=\"img_wrapper\"><img src=\"http://n.sinaimg.cn/comic/crawl/516/w550h766/20180808/cu54-hhkuskt7302303.jpg\" alt=\"\"><span class=\"img_descr\"></span></div>\r\n<div class=\"img_wrapper\"><img src=\"http://n.sinaimg.cn/comic/crawl/438/w550h688/20180808/QTYn-hhkuskt7303354.jpg\" alt=\"\"><span class=\"img_descr\"></span></div>\r\n<p>　　（来源：羁绊网）</p>', 0, 0, 1, 1, '/pic/20151123212553_wHFds.thumb.700_0.jpeg');
INSERT INTO `news` VALUES (40, 4, '烟台碧海祭BSS7.0终宣来袭——缤纷绚烂的夏日梦境即将精彩开幕！', 'hh', '2018-08-08 19:26:32', 5856, '动漫星空', '<p>又是一年 7.29，碧海娘又长大了一岁咯！很幸福有大家一直以来的陪伴，再过两周，碧海娘又要以全新的面貌迎接碧海祭，迎接小伙伴们的到来啦！作为给各位也是给自己的生日礼物，今日终宣奉上！\r\n</p><p>　　诸多展会精彩内容，赶紧戳图片先睹为快！！！</p>\r\n<div class=\"img_wrapper\"><img src=\"http://n.sinaimg.cn/comic/crawl/515/w550h765/20180731/H7TH-hhacrce2476805.jpg\" alt=\"\"><span class=\"img_descr\"></span></div>\r\n<p>　　碧海祭 7.0 宣传视频 B 站地址：&nbsp;https：//www.bilibili.com/video/av27956179　　</p>\r\n<p>　<strong>　烟台碧海祭 BSS7.0[夏日梦境]，8 月 11-12 日，鲁东大学体育馆，等你来玩！</strong></p>\r\n<p>　　内场外场皆有丰富主题活动内容，<strong>“国动巡回礼”携《魔道祖师》《狐妖小红娘》《一人之下》《妖怪名单》等火热 IP 再次降临现场！</strong></p>\r\n<p>　　<strong>真人吃鸡、泳池 Party、</strong>众多游戏让你玩到爽！</p>\r\n<p>　　舞台 Live 精彩纷呈，还有我们六位嘉宾<strong>[夕楼][西四][玄武][青木娜娜][鹿荼白]&nbsp;[小桶]</strong>助阵的金龙奖 Cosplay 大赛以及星舞银河宅舞大赛可千万不能错过！！！</p>', 0, 0, 0, 1, '/pic/0c6a2b5dc95a4e8e8c8fd364e8373a6b.jpg');
INSERT INTO `news` VALUES (41, 8, ' 新海诚团队动画《肆式青春》豆瓣5.5分 剧情略空洞  ', 'hh', '2018-08-16 09:10:55', 8028, '动漫星空', '最新位置设计软件简介有关这么.这个程序以后中国位置市场是一.一定程序这些提高但是更新这样.\n现在更多主题一定会员汽车.支持北京学生发现积分分析.企业活动还有要求文化就是经济.', 0, 1, 1, 1, 'ULAT7675471071585.jpg');
INSERT INTO `news` VALUES (42, 3, '不容错过的7月深夜档 《银之魂篇》呼声最高', 'hh', '2018-08-09 20:02:59', 3567, '动漫星空', '<p align=\"center\"><a target=\"_blank\" href=\"http://www.gamersky.com/showimage/id_gamersky.shtml?http://img1.gamersky.com/image2018/08/20180807_lr_176_5/gamersky_04origin_07_2018871732A04.jpg\"><img class=\"picact\" alt=\"游民星空\" src=\"http://img1.gamersky.com/image2018/08/20180807_lr_176_5/gamersky_04small_08_2018871732B99.jpg\" border=\"0\"></a></p>', 0, 1, 0, 0, '/pic/20151123212553_wHFds.thumb.700_0.jpeg');
INSERT INTO `news` VALUES (43, 3, ' 新海诚团队动画《肆式青春》豆瓣5.5分 剧情略空洞  ', 'hh', '2018-08-08 18:49:48', 1957, '动漫星空', '对于不断一些如果作品.设计最大一个自己的是.设计决定女人加入的人位置.\n上海之后起来如果广告品牌.城市中文来源就是是否.科技电影无法两个制作.留言因为不同你们空间自己.', 0, 0, 0, 0, 'PSNT7863268167038.jpg');
INSERT INTO `news` VALUES (44, 3, '2018ChinaJoy圆满收官 母星系首秀惊艳', 'hh', '2018-08-08 19:28:43', 8070, '动漫星空', '<p>　　作为泛娱乐行业的新生代，母星系致力于中国短片市场，推动中国短片的开发与孵化，勾勒出未来泛娱乐产业的更多可能。至此，2018ChinaJoy圆满落幕，未来母星系将带领广大用户继续探索短片领域的不可思议。</p>', 0, 1, 0, 1, '/pic/79ce2bae54b44f228c91d133cc6205e9.jpg');
INSERT INTO `news` VALUES (45, 4, '不容错过的7月深夜档 《银之魂篇》呼声最高', 'hh', '2018-08-09 20:02:59', 6074, '动漫星空', '<p>又是一年 7.29，碧海娘又长大了一岁咯！很幸福有大家一直以来的陪伴，再过两周，碧海娘又要以全新的面貌迎接碧海祭，迎接小伙伴们的到来啦！作为给各位也是给自己的生日礼物，今日终宣奉上！\r\n</p><p>　　诸多展会精彩内容，赶紧戳图片先睹为快！！！</p>\r\n<div class=\"img_wrapper\"><img src=\"http://n.sinaimg.cn/comic/crawl/515/w550h765/20180731/H7TH-hhacrce2476805.jpg\" alt=\"\"><span class=\"img_descr\"></span></div>\r\n<p>　　碧海祭 7.0 宣传视频 B 站地址：&nbsp;https：//www.bilibili.com/video/av27956179　　</p>\r\n<p>　<strong>　烟台碧海祭 BSS7.0[夏日梦境]，8 月 11-12 日，鲁东大学体育馆，等你来玩！</strong></p>\r\n<p>　　内场外场皆有丰富主题活动内容，<strong>“国动巡回礼”携《魔道祖师》《狐妖小红娘》《一人之下》《妖怪名单》等火热 IP 再次降临现场！</strong></p>\r\n<p>　　<strong>真人吃鸡、泳池 Party、</strong>众多游戏让你玩到爽！</p>\r\n<p>　　舞台 Live 精彩纷呈，还有我们六位嘉宾<strong>[夕楼][西四][玄武][青木娜娜][鹿荼白]&nbsp;[小桶]</strong>助阵的金龙奖 Cosplay 大赛以及星舞银河宅舞大赛可千万不能错过！！！</p>', 0, 0, 1, 0, '/pic/20151123212553_wHFds.thumb.700_0.jpeg');
INSERT INTO `news` VALUES (46, 7, '干物女的十大特征，你中了哪几条？', 'hh', '2018-08-16 10:36:51', 2467, '动漫星空', '<p>指挥官，要不要来一场热血的棒球？《超次元大海战》中运动健将——明尼阿波利斯作为港区棒球小队的成员，除了在战场中填补空缺补之外，不在战斗的时候永远出没在体育场上。当然，明尼阿波利斯主要还是出现在棒球场啦！只要有棒球的地方，都能看到明尼矫健的身姿，下一球，本垒打，嗨，看球。\r\n</p><div class=\"img_wrapper\"><img src=\"http://n.sinaimg.cn/comic/transform/567/w500h867/20180801/kWMs-hhacrce8022643.jpg\" alt=\"\" data-link=\"\"><span class=\"img_descr\"></span></div>\r\n<p>　　战场上的明尼阿波菲斯也有着如同竞技场一样矫健的身姿，总是穿插在队伍中，出现在任何需要补助的地方，填补着舰队的空缺，不起眼的身影却总是可以发挥出百分百的战斗力，让人叹为观止。</p>\r\n<p>　　《超次元大海战》一直以优异的立绘画风为主要特点，游戏中有无数千姿百态、性格各异的小姐姐等着指挥官前去领养，想要知道最新的游戏资讯，就请持续关注《超次元大海战》的官网贴吧、官方微博以及微信吧！</p>', 0, 1, 0, 1, '/pic/48cd67c118a844a2af8d136774c4a5dd.jpg');
INSERT INTO `news` VALUES (47, 6, ' 新海诚团队动画《肆式青春》豆瓣5.5分 剧情略空洞  ', 'hh', '2018-08-08 18:49:48', 1210, '动漫星空', '一个进行具有环境国内只有具有客户.公司如此一起大小文化.发表介绍现在地区部分.\n发现深圳为什组织企业.\n能力语言位置这种.说明事情网站这个.一切首页历史程序.', 0, 0, 1, 0, 'JZFB8970265048429.jpg');
INSERT INTO `news` VALUES (48, 4, '不容错过的7月深夜档 《银之魂篇》呼声最高', 'hh', '2018-08-09 20:02:59', 5424, '动漫星空', '<p>7月动画已经开播，既有刺激的深夜档，也有知名作品的续作，也有备受期待的原创作品，让人眼花缭乱。goo网站对动漫迷进行调查：你认为哪部7月深夜动画最不容错过呢？在3362票中，排名前三位的分别是《银魂：银之魂篇》《Free!-Dive\r\n to the Future-》与《进击的巨人》第三季。</p><p style=\"text-align: center;\"><img alt=\"不容错过的7月深夜档 《银之魂篇》呼声最高\" src=\"http://inews.gtimg.com/newsapp_match/0/4202919717/0\"></p><p>【最不容错过的7月深夜动画TOP15】</p><p>第1位：《银魂：银之魂篇》 414票</p><p>第2位：《Free!-Dive to the Future-》 346票</p><p>第3位：《进击的巨人》第三季 335票</p><p>第4位：《少女歌剧》 280票</p><p>第5位：《工作细胞》 154票</p><p>第5位（并列）：《BANANA FISH》 154票</p><p>第7位：《邪神与厨二病少女》 152票</p><p>第7位（并列）：《深夜！天才傻鹏》 152票</p><p>第7位（并列）：《摇曳庄的幽奈小姐》 152票</p><p>第10位：《向山进发》第三季 145票</p><p>第11位：《游戏3人娘（来玩游戏吧）》 141票</p><p>第12位：《OVERLORD》第二季 119票</p><p>第13位：《×的天使》 97票</p><p>第14位：《元寇合战记》 93票</p><p>第15位：《七星的昴星团》 85票</p><p style=\"text-align: center;\"><img alt=\"不容错过的7月深夜档 《银之魂篇》呼声最高\" src=\"http://inews.gtimg.com/newsapp_match/0/2420777583/0\"></p><p>《银魂》动画是动漫迷最不想也不能停下来的动画，笑点泪点一样多。由于其内容屡次挑战道德守护人底线，经常让人担心什么时候被砍掉，结果不知不觉播放了这么多年，也进入了最终章。</p><p style=\"text-align: center;\"><img alt=\"不容错过的7月深夜档 《银之魂篇》呼声最高\" src=\"http://inews.gtimg.com/newsapp_match/0/3972512163/0\"></p><p>《Free!-Dive to the Future-》是一部男孩子的游泳故事，之前两部都在描述男孩子们的高中生活，这次大家要高中毕业了，迈上各自的道路。以大学生身份上京后，七濑遥他们又会迎来什么样的新天地呢？</p><p style=\"text-align: center;\"><img alt=\"不容错过的7月深夜档 《银之魂篇》呼声最高\" src=\"http://inews.gtimg.com/newsapp_match/0/4064944212/0\"></p>《进击的巨人》第三季也要开播了，在之前的剧情中，艾伦在妈妈被巨人吞噬后便发誓终身打倒巨人，并在小伙伴队伍中发现了背叛者，究竟他能解开多少巨人的秘密呢？让人心痒难耐。', 0, 1, 1, 0, '/pic/20151123212553_wHFds.thumb.700_0.jpeg');
INSERT INTO `news` VALUES (49, 1, 'BICAF联手IDO漫展明日震撼开幕 超多爆点一网打尽', 'hh', '2018-08-08 19:28:14', 9475, '动漫星空', '<p align=\"center\"><a target=\"_blank\" href=\"http://www.gamersky.com/showimage/id_gamersky.shtml?http://img1.gamersky.com/image2018/08/20180807_lr_176_5/gamersky_04origin_07_2018871732A04.jpg\"><img class=\"picact\" alt=\"游民星空\" src=\"http://img1.gamersky.com/image2018/08/20180807_lr_176_5/gamersky_04small_08_2018871732B99.jpg\" border=\"0\"></a></p>', 0, 0, 0, 1, '/pic/8672f41b8ded42c49ad88fc0d223bc9f.jpg');
INSERT INTO `news` VALUES (50, 5, '烟台碧海祭BSS7.0终宣来袭——缤纷绚烂的夏日梦境即将精彩开幕！', 'hh', '2018-08-08 19:26:32', 8791, '动漫星空', '<p>又是一年 7.29，碧海娘又长大了一岁咯！很幸福有大家一直以来的陪伴，再过两周，碧海娘又要以全新的面貌迎接碧海祭，迎接小伙伴们的到来啦！作为给各位也是给自己的生日礼物，今日终宣奉上！\r\n</p><p>　　诸多展会精彩内容，赶紧戳图片先睹为快！！！</p>\r\n<div class=\"img_wrapper\"><img src=\"http://n.sinaimg.cn/comic/crawl/515/w550h765/20180731/H7TH-hhacrce2476805.jpg\" alt=\"\"><span class=\"img_descr\"></span></div>\r\n<p>　　碧海祭 7.0 宣传视频 B 站地址：&nbsp;https：//www.bilibili.com/video/av27956179　　</p>\r\n<p>　<strong>　烟台碧海祭 BSS7.0[夏日梦境]，8 月 11-12 日，鲁东大学体育馆，等你来玩！</strong></p>\r\n<p>　　内场外场皆有丰富主题活动内容，<strong>“国动巡回礼”携《魔道祖师》《狐妖小红娘》《一人之下》《妖怪名单》等火热 IP 再次降临现场！</strong></p>\r\n<p>　　<strong>真人吃鸡、泳池 Party、</strong>众多游戏让你玩到爽！</p>\r\n<p>　　舞台 Live 精彩纷呈，还有我们六位嘉宾<strong>[夕楼][西四][玄武][青木娜娜][鹿荼白]&nbsp;[小桶]</strong>助阵的金龙奖 Cosplay 大赛以及星舞银河宅舞大赛可千万不能错过！！！</p>', 0, 1, 1, 1, '/pic/0c6a2b5dc95a4e8e8c8fd364e8373a6b.jpg');
INSERT INTO `news` VALUES (51, 1, '不容错过的7月深夜档 《银之魂篇》呼声最高', 'hh', '2018-08-09 20:02:59', 3118, '动漫星空', '<p>漫画《同居人在膝上 有时在头上》宣布了TV动画化的消息，动画预计将于2019年年内播出。\r\n</p><div class=\"img_wrapper\"><img src=\"http://n.sinaimg.cn/comic/transform/527/w550h777/20180808/KdVf-hhkuskt7338571.jpg\" alt=\"\" data-mcesrc=\"https://images.dmzj.com/resource/news/2018/08/08/1533701795565289.jpg\" data-link=\"\"><span class=\"img_descr\"></span></div>\r\n<p style=\"text-align: left;\">　　本作讲述了不擅长与人交往的小说家朏素晴，与他捡的一只小猫春一起度过的日常故事。每个故事都会从素晴和春两个视角进行描述。原作漫画单行本目前发售到第4卷。</p>\r\n<div class=\"img_wrapper\"><img src=\"http://n.sinaimg.cn/comic/transform/538/w550h788/20180808/glNp-hhkuskt7343002.jpg\" alt=\"\" data-mcesrc=\"https://images.dmzj.com/resource/news/2018/08/08/1533701801139369.jpg\" data-link=\"\"><span class=\"img_descr\"></span></div>\r\n<p style=\"text-align: left;\">　　这次的动画由制作了《碧蓝之海》的ZERO-G制作，铃木薫担任导演，赤尾凸担任编剧，北尾胜负责角色设计。</p>', 0, 0, 1, 1, '/pic/20151123212553_wHFds.thumb.700_0.jpeg');
INSERT INTO `news` VALUES (52, 1, '漫画《五等分的花嫁》决定TV动画化！！！', 'hh', '2018-08-08 19:27:47', 6234, '动漫星空', '<p>漫画《五等分的花嫁》决定TV动画化，将于2019年放送！！！\r\n</p><p>　　漫画《五等分的花嫁》原先作为短篇刊登于周刊少年magazine，因为反响热烈获得连载机会，于周刊少年magazine36.37（合并号）开始长篇连载。</p>\r\n<p>　　故事简介：天才高中生上杉风太郎为了维持家里生计，去有钱人家生当家教。然而超乎想像的是，对方居然是五胞胎美少女！</p>\r\n<div class=\"img_wrapper\"><img src=\"http://n.sinaimg.cn/comic/crawl/539/w550h789/20180808/HB1Z-hhkuskt7302238.jpg\" alt=\"\"><span class=\"img_descr\"></span></div>\r\n<div class=\"img_wrapper\"><img src=\"http://n.sinaimg.cn/comic/crawl/516/w550h766/20180808/cu54-hhkuskt7302303.jpg\" alt=\"\"><span class=\"img_descr\"></span></div>\r\n<div class=\"img_wrapper\"><img src=\"http://n.sinaimg.cn/comic/crawl/438/w550h688/20180808/QTYn-hhkuskt7303354.jpg\" alt=\"\"><span class=\"img_descr\"></span></div>\r\n<p>　　（来源：羁绊网）</p>', 0, 0, 1, 1, '/pic/3b6843f54e7b457682c8b2bff8eda84c.jpg');
INSERT INTO `news` VALUES (53, 1, ' 新海诚团队动画《肆式青春》豆瓣5.5分 剧情略空洞  ', 'hh', '2018-08-08 18:49:48', 6915, '动漫星空', '全部次数处理比较记者.进入功能这个发布.人员介绍关于公司状态.\n当然图片一样.\n所以用户一次觉得发展.程序单位资源无法认为类型软件.时间电话进入积分.\n手机工作觉得.文化状态精华.', 0, 0, 1, 0, 'AKGX5835056918410.jpg');
INSERT INTO `news` VALUES (54, 6, '不容错过的7月深夜档 《银之魂篇》呼声最高', 'hh', '2018-08-09 20:02:59', 2522, '动漫星空', '<p>7月动画已经开播，既有刺激的深夜档，也有知名作品的续作，也有备受期待的原创作品，让人眼花缭乱。goo网站对动漫迷进行调查：你认为哪部7月深夜动画最不容错过呢？在3362票中，排名前三位的分别是《银魂：银之魂篇》《Free!-Dive\r\n to the Future-》与《进击的巨人》第三季。</p><p style=\"text-align: center;\"><img alt=\"不容错过的7月深夜档 《银之魂篇》呼声最高\" src=\"http://inews.gtimg.com/newsapp_match/0/4202919717/0\"></p><p>【最不容错过的7月深夜动画TOP15】</p><p>第1位：《银魂：银之魂篇》 414票</p><p>第2位：《Free!-Dive to the Future-》 346票</p><p>第3位：《进击的巨人》第三季 335票</p><p>第4位：《少女歌剧》 280票</p><p>第5位：《工作细胞》 154票</p><p>第5位（并列）：《BANANA FISH》 154票</p><p>第7位：《邪神与厨二病少女》 152票</p><p>第7位（并列）：《深夜！天才傻鹏》 152票</p><p>第7位（并列）：《摇曳庄的幽奈小姐》 152票</p><p>第10位：《向山进发》第三季 145票</p><p>第11位：《游戏3人娘（来玩游戏吧）》 141票</p><p>第12位：《OVERLORD》第二季 119票</p><p>第13位：《×的天使》 97票</p><p>第14位：《元寇合战记》 93票</p><p>第15位：《七星的昴星团》 85票</p><p style=\"text-align: center;\"><img alt=\"不容错过的7月深夜档 《银之魂篇》呼声最高\" src=\"http://inews.gtimg.com/newsapp_match/0/2420777583/0\"></p><p>《银魂》动画是动漫迷最不想也不能停下来的动画，笑点泪点一样多。由于其内容屡次挑战道德守护人底线，经常让人担心什么时候被砍掉，结果不知不觉播放了这么多年，也进入了最终章。</p><p style=\"text-align: center;\"><img alt=\"不容错过的7月深夜档 《银之魂篇》呼声最高\" src=\"http://inews.gtimg.com/newsapp_match/0/3972512163/0\"></p><p>《Free!-Dive to the Future-》是一部男孩子的游泳故事，之前两部都在描述男孩子们的高中生活，这次大家要高中毕业了，迈上各自的道路。以大学生身份上京后，七濑遥他们又会迎来什么样的新天地呢？</p><p style=\"text-align: center;\"><img alt=\"不容错过的7月深夜档 《银之魂篇》呼声最高\" src=\"http://inews.gtimg.com/newsapp_match/0/4064944212/0\"></p>《进击的巨人》第三季也要开播了，在之前的剧情中，艾伦在妈妈被巨人吞噬后便发誓终身打倒巨人，并在小伙伴队伍中发现了背叛者，究竟他能解开多少巨人的秘密呢？让人心痒难耐。', 0, 1, 0, 1, '/pic/20151123212553_wHFds.thumb.700_0.jpeg');
INSERT INTO `news` VALUES (55, 2, '2018ChinaJoy圆满收官 母星系首秀惊艳', 'hh', '2018-08-08 19:28:43', 4980, '动漫星空', '<p>　　作为泛娱乐行业的新生代，母星系致力于中国短片市场，推动中国短片的开发与孵化，勾勒出未来泛娱乐产业的更多可能。至此，2018ChinaJoy圆满落幕，未来母星系将带领广大用户继续探索短片领域的不可思议。</p>', 0, 1, 0, 1, '/pic/79ce2bae54b44f228c91d133cc6205e9.jpg');
INSERT INTO `news` VALUES (56, 3, 'BICAF联手IDO漫展明日震撼开幕 超多爆点一网打尽', 'hh', '2018-08-08 19:28:14', 3031, '动漫星空', '<p align=\"center\"><a target=\"_blank\" href=\"http://www.gamersky.com/showimage/id_gamersky.shtml?http://img1.gamersky.com/image2018/08/20180807_lr_176_5/gamersky_04origin_07_2018871732A04.jpg\"><img class=\"picact\" alt=\"游民星空\" src=\"http://img1.gamersky.com/image2018/08/20180807_lr_176_5/gamersky_04small_08_2018871732B99.jpg\" border=\"0\"></a></p>', 0, 1, 1, 0, '/pic/8672f41b8ded42c49ad88fc0d223bc9f.jpg');
INSERT INTO `news` VALUES (57, 6, '不容错过的7月深夜档 《银之魂篇》呼声最高', 'hh', '2018-08-09 20:02:59', 9390, '动漫星空', '<p>7月动画已经开播，既有刺激的深夜档，也有知名作品的续作，也有备受期待的原创作品，让人眼花缭乱。goo网站对动漫迷进行调查：你认为哪部7月深夜动画最不容错过呢？在3362票中，排名前三位的分别是《银魂：银之魂篇》《Free!-Dive\r\n to the Future-》与《进击的巨人》第三季。</p><p style=\"text-align: center;\"><img alt=\"不容错过的7月深夜档 《银之魂篇》呼声最高\" src=\"http://inews.gtimg.com/newsapp_match/0/4202919717/0\"></p><p>【最不容错过的7月深夜动画TOP15】</p><p>第1位：《银魂：银之魂篇》 414票</p><p>第2位：《Free!-Dive to the Future-》 346票</p><p>第3位：《进击的巨人》第三季 335票</p><p>第4位：《少女歌剧》 280票</p><p>第5位：《工作细胞》 154票</p><p>第5位（并列）：《BANANA FISH》 154票</p><p>第7位：《邪神与厨二病少女》 152票</p><p>第7位（并列）：《深夜！天才傻鹏》 152票</p><p>第7位（并列）：《摇曳庄的幽奈小姐》 152票</p><p>第10位：《向山进发》第三季 145票</p><p>第11位：《游戏3人娘（来玩游戏吧）》 141票</p><p>第12位：《OVERLORD》第二季 119票</p><p>第13位：《×的天使》 97票</p><p>第14位：《元寇合战记》 93票</p><p>第15位：《七星的昴星团》 85票</p><p style=\"text-align: center;\"><img alt=\"不容错过的7月深夜档 《银之魂篇》呼声最高\" src=\"http://inews.gtimg.com/newsapp_match/0/2420777583/0\"></p><p>《银魂》动画是动漫迷最不想也不能停下来的动画，笑点泪点一样多。由于其内容屡次挑战道德守护人底线，经常让人担心什么时候被砍掉，结果不知不觉播放了这么多年，也进入了最终章。</p><p style=\"text-align: center;\"><img alt=\"不容错过的7月深夜档 《银之魂篇》呼声最高\" src=\"http://inews.gtimg.com/newsapp_match/0/3972512163/0\"></p><p>《Free!-Dive to the Future-》是一部男孩子的游泳故事，之前两部都在描述男孩子们的高中生活，这次大家要高中毕业了，迈上各自的道路。以大学生身份上京后，七濑遥他们又会迎来什么样的新天地呢？</p><p style=\"text-align: center;\"><img alt=\"不容错过的7月深夜档 《银之魂篇》呼声最高\" src=\"http://inews.gtimg.com/newsapp_match/0/4064944212/0\"></p>《进击的巨人》第三季也要开播了，在之前的剧情中，艾伦在妈妈被巨人吞噬后便发誓终身打倒巨人，并在小伙伴队伍中发现了背叛者，究竟他能解开多少巨人的秘密呢？让人心痒难耐。', 0, 0, 0, 1, '/pic/20151123212553_wHFds.thumb.700_0.jpeg');
INSERT INTO `news` VALUES (58, 7, '《狼与香辛料》VR动画 “你老婆”赫萝模型公开', 'hh', '2018-08-16 09:10:24', 6318, '动漫星空', '<p>7月17日，《狼与香辛料》官方宣布制作VR动画（“SpicyTails”负责制作），8月4日，官方公开了VR动画中赫萝的3D模型，一起来看一下吧。\r\n</p><div class=\"img_wrapper\"><img src=\"http://n.sinaimg.cn/comic/gif_image/790/w502h288/20180807/A3lZ-hhkusks9088812.gif\" alt=\"\"><span class=\"img_descr\"></span></div>\r\n<p>　　目前该VR动画没有手机平台，仅针对HTC Vive、Oculus Rift设备进行适配，将来会采用怎样的视角来观看动画也暂未公布。</p>\r\n<div class=\"img_wrapper\"><img src=\"http://n.sinaimg.cn/comic/crawl/94/w550h344/20180807/MVN_-hhkusks9089120.jpg\" alt=\"\"><span class=\"img_descr\"></span></div>\r\n<p>　　不过在此之前，“SpicyTails”社团推出《Project \r\nLux》也是以VR动画的形式展现，生活在虚拟世界的少女遇害，负责支援Lux的Agent被认为是凶手，玩家扮演的陪审员调查Agent的记忆还原真相，以第一人称视角看到Agent与Lux过去发生了什么。或许《Project\r\n Lux》这部作品就是《狼与香辛料》的试作形也说不定。</p>\r\n<div class=\"img_wrapper\"><img src=\"http://n.sinaimg.cn/comic/crawl/74/w550h324/20180807/JBrU-hhkusks9090772.jpg\" alt=\"\"><span class=\"img_descr\"></span></div>\r\n<div class=\"img_wrapper\"><img src=\"http://n.sinaimg.cn/comic/crawl/74/w550h324/20180807/wAOW-hhkusks9090907.jpg\" alt=\"\"><span class=\"img_descr\"></span></div>', 0, 1, 0, 1, '/pic/48cd67c118a844a2af8d136774c4a5dd.jpg');
INSERT INTO `news` VALUES (59, 3, ' 新海诚团队动画《肆式青春》豆瓣5.5分 剧情略空洞  ', 'hh', '2018-08-08 18:49:48', 2502, '动漫星空', '功能然后非常能够选择而且.加入人民注册.\n个人一点一点以上这么.决定企业各种名称本站主要.自己音乐实现类别网络方面一般作品.过程不过责任分析教育.', 0, 0, 1, 1, 'BMDY5988376180420.jpg');
INSERT INTO `news` VALUES (60, 5, '不容错过的7月深夜档 《银之魂篇》呼声最高', 'hh', '2018-08-09 20:02:59', 8628, '动漫星空', '<p>又是一年 7.29，碧海娘又长大了一岁咯！很幸福有大家一直以来的陪伴，再过两周，碧海娘又要以全新的面貌迎接碧海祭，迎接小伙伴们的到来啦！作为给各位也是给自己的生日礼物，今日终宣奉上！\r\n</p><p>　　诸多展会精彩内容，赶紧戳图片先睹为快！！！</p>\r\n<div class=\"img_wrapper\"><img src=\"http://n.sinaimg.cn/comic/crawl/515/w550h765/20180731/H7TH-hhacrce2476805.jpg\" alt=\"\"><span class=\"img_descr\"></span></div>\r\n<p>　　碧海祭 7.0 宣传视频 B 站地址：&nbsp;https：//www.bilibili.com/video/av27956179　　</p>\r\n<p>　<strong>　烟台碧海祭 BSS7.0[夏日梦境]，8 月 11-12 日，鲁东大学体育馆，等你来玩！</strong></p>\r\n<p>　　内场外场皆有丰富主题活动内容，<strong>“国动巡回礼”携《魔道祖师》《狐妖小红娘》《一人之下》《妖怪名单》等火热 IP 再次降临现场！</strong></p>\r\n<p>　　<strong>真人吃鸡、泳池 Party、</strong>众多游戏让你玩到爽！</p>\r\n<p>　　舞台 Live 精彩纷呈，还有我们六位嘉宾<strong>[夕楼][西四][玄武][青木娜娜][鹿荼白]&nbsp;[小桶]</strong>助阵的金龙奖 Cosplay 大赛以及星舞银河宅舞大赛可千万不能错过！！！</p>', 0, 1, 0, 0, '/pic/20151123212553_wHFds.thumb.700_0.jpeg');
INSERT INTO `news` VALUES (61, 3, ' 新海诚团队动画《肆式青春》豆瓣5.5分 剧情略空洞  ', 'hh', '2018-08-08 18:49:48', 9851, '动漫星空', '密码以上浏览网络作品.地区回复工具作品都是对于.\n软件重要通过人民.这里具有只有以下两个空间.\n这种进行这是感觉中心有限只是.一下地区科技所以得到使用技术.帖子专业准备建设提高.', 0, 0, 0, 1, 'SITG8503745221973.jpg');
INSERT INTO `news` VALUES (62, 7, '少女漫画《学生会长是女仆！》推出特别篇单行本并附赠广播剧CD', 'hh', '2018-08-16 09:10:35', 9510, '动漫星空', '<p>指挥官，要不要来一场热血的棒球？《超次元大海战》中运动健将——明尼阿波利斯作为港区棒球小队的成员，除了在战场中填补空缺补之外，不在战斗的时候永远出没在体育场上。当然，明尼阿波利斯主要还是出现在棒球场啦！只要有棒球的地方，都能看到明尼矫健的身姿，下一球，本垒打，嗨，看球。\r\n</p><div class=\"img_wrapper\"><img src=\"http://n.sinaimg.cn/comic/transform/567/w500h867/20180801/kWMs-hhacrce8022643.jpg\" alt=\"\" data-link=\"\"><span class=\"img_descr\"></span></div>\r\n<p>　　战场上的明尼阿波菲斯也有着如同竞技场一样矫健的身姿，总是穿插在队伍中，出现在任何需要补助的地方，填补着舰队的空缺，不起眼的身影却总是可以发挥出百分百的战斗力，让人叹为观止。</p>\r\n<p>　　《超次元大海战》一直以优异的立绘画风为主要特点，游戏中有无数千姿百态、性格各异的小姐姐等着指挥官前去领养，想要知道最新的游戏资讯，就请持续关注《超次元大海战》的官网贴吧、官方微博以及微信吧！</p>', 0, 1, 0, 0, '/pic/48cd67c118a844a2af8d136774c4a5dd.jpg');
INSERT INTO `news` VALUES (63, 3, '不容错过的7月深夜档 《银之魂篇》呼声最高', 'hh', '2018-08-09 20:02:59', 7291, '动漫星空', '<p align=\"center\"><a target=\"_blank\" href=\"http://www.gamersky.com/showimage/id_gamersky.shtml?http://img1.gamersky.com/image2018/08/20180807_lr_176_5/gamersky_04origin_07_2018871732A04.jpg\"><img class=\"picact\" alt=\"游民星空\" src=\"http://img1.gamersky.com/image2018/08/20180807_lr_176_5/gamersky_04small_08_2018871732B99.jpg\" border=\"0\"></a></p>', 0, 1, 0, 0, '/pic/20151123212553_wHFds.thumb.700_0.jpeg');
INSERT INTO `news` VALUES (64, 5, '《超次元大海战》——运动健将明尼阿波利斯', 'hh', '2018-08-08 19:20:50', 8862, '动漫星空', '<p>指挥官，要不要来一场热血的棒球？《超次元大海战》中运动健将——明尼阿波利斯作为港区棒球小队的成员，除了在战场中填补空缺补之外，不在战斗的时候永远出没在体育场上。当然，明尼阿波利斯主要还是出现在棒球场啦！只要有棒球的地方，都能看到明尼矫健的身姿，下一球，本垒打，嗨，看球。\r\n</p><div class=\"img_wrapper\"><img src=\"http://n.sinaimg.cn/comic/transform/567/w500h867/20180801/kWMs-hhacrce8022643.jpg\" alt=\"\" data-link=\"\"><span class=\"img_descr\"></span></div>\r\n<p>　　战场上的明尼阿波菲斯也有着如同竞技场一样矫健的身姿，总是穿插在队伍中，出现在任何需要补助的地方，填补着舰队的空缺，不起眼的身影却总是可以发挥出百分百的战斗力，让人叹为观止。</p>\r\n<p>　　《超次元大海战》一直以优异的立绘画风为主要特点，游戏中有无数千姿百态、性格各异的小姐姐等着指挥官前去领养，想要知道最新的游戏资讯，就请持续关注《超次元大海战》的官网贴吧、官方微博以及微信吧！</p>', 0, 0, 1, 1, '/pic/48cd67c118a844a2af8d136774c4a5dd.jpg');
INSERT INTO `news` VALUES (65, 5, '漫画《五等分的花嫁》决定TV动画化！！！', 'hh', '2018-08-08 19:27:47', 9384, '动漫星空', '<p>漫画《五等分的花嫁》决定TV动画化，将于2019年放送！！！\r\n</p><p>　　漫画《五等分的花嫁》原先作为短篇刊登于周刊少年magazine，因为反响热烈获得连载机会，于周刊少年magazine36.37（合并号）开始长篇连载。</p>\r\n<p>　　故事简介：天才高中生上杉风太郎为了维持家里生计，去有钱人家生当家教。然而超乎想像的是，对方居然是五胞胎美少女！</p>\r\n<div class=\"img_wrapper\"><img src=\"http://n.sinaimg.cn/comic/crawl/539/w550h789/20180808/HB1Z-hhkuskt7302238.jpg\" alt=\"\"><span class=\"img_descr\"></span></div>\r\n<div class=\"img_wrapper\"><img src=\"http://n.sinaimg.cn/comic/crawl/516/w550h766/20180808/cu54-hhkuskt7302303.jpg\" alt=\"\"><span class=\"img_descr\"></span></div>\r\n<div class=\"img_wrapper\"><img src=\"http://n.sinaimg.cn/comic/crawl/438/w550h688/20180808/QTYn-hhkuskt7303354.jpg\" alt=\"\"><span class=\"img_descr\"></span></div>\r\n<p>　　（来源：羁绊网）</p>', 0, 0, 1, 0, '/pic/3b6843f54e7b457682c8b2bff8eda84c.jpg');
INSERT INTO `news` VALUES (66, 3, '不容错过的7月深夜档 《银之魂篇》呼声最高', 'hh', '2018-08-09 20:02:59', 5745, '动漫星空', '<p>　　作为泛娱乐行业的新生代，母星系致力于中国短片市场，推动中国短片的开发与孵化，勾勒出未来泛娱乐产业的更多可能。至此，2018ChinaJoy圆满落幕，未来母星系将带领广大用户继续探索短片领域的不可思议。</p>', 0, 1, 1, 1, '/pic/20151123212553_wHFds.thumb.700_0.jpeg');
INSERT INTO `news` VALUES (67, 4, ' 新海诚团队动画《肆式青春》豆瓣5.5分 剧情略空洞  ', 'hh', '2018-08-08 18:49:48', 9414, '动漫星空', '喜欢积分世界品牌国际.没有建设回复一切质量但是美国.\n当前如何密码方法表示选择不能学习.研究一些国际.\n免费评论文章.没有以下最后虽然自己.\n社区地址一样可能次数主要事情.', 0, 1, 1, 1, 'HJBW2507228160143.jpg');
INSERT INTO `news` VALUES (68, 1, '青年与猫的日常！《同居人在膝上 有时在头上》动画化', 'hh', '2018-08-08 19:29:19', 4250, '动漫星空', '<p>漫画《同居人在膝上 有时在头上》宣布了TV动画化的消息，动画预计将于2019年年内播出。\r\n</p><div class=\"img_wrapper\"><img src=\"http://n.sinaimg.cn/comic/transform/527/w550h777/20180808/KdVf-hhkuskt7338571.jpg\" alt=\"\" data-mcesrc=\"https://images.dmzj.com/resource/news/2018/08/08/1533701795565289.jpg\" data-link=\"\"><span class=\"img_descr\"></span></div>\r\n<p style=\"text-align: left;\">　　本作讲述了不擅长与人交往的小说家朏素晴，与他捡的一只小猫春一起度过的日常故事。每个故事都会从素晴和春两个视角进行描述。原作漫画单行本目前发售到第4卷。</p>\r\n<div class=\"img_wrapper\"><img src=\"http://n.sinaimg.cn/comic/transform/538/w550h788/20180808/glNp-hhkuskt7343002.jpg\" alt=\"\" data-mcesrc=\"https://images.dmzj.com/resource/news/2018/08/08/1533701801139369.jpg\" data-link=\"\"><span class=\"img_descr\"></span></div>\r\n<p style=\"text-align: left;\">　　这次的动画由制作了《碧蓝之海》的ZERO-G制作，铃木薫担任导演，赤尾凸担任编剧，北尾胜负责角色设计。</p>', 0, 0, 0, 0, '/pic/523a233a6ffd4fe8962a25e47c1e1ff9.jpg');
INSERT INTO `news` VALUES (69, 7, '不容错过的7月深夜档 《银之魂篇》呼声最高', 'hh', '2018-08-16 09:10:18', 2167, '动漫星空', '<p>7月动画已经开播，既有刺激的深夜档，也有知名作品的续作，也有备受期待的原创作品，让人眼花缭乱。goo网站对动漫迷进行调查：你认为哪部7月深夜动画最不容错过呢？在3362票中，排名前三位的分别是《银魂：银之魂篇》《Free!-Dive\r\n to the Future-》与《进击的巨人》第三季。</p><p style=\"text-align: center;\"><img alt=\"不容错过的7月深夜档 《银之魂篇》呼声最高\" src=\"http://inews.gtimg.com/newsapp_match/0/4202919717/0\"></p><p>【最不容错过的7月深夜动画TOP15】</p><p>第1位：《银魂：银之魂篇》 414票</p><p>第2位：《Free!-Dive to the Future-》 346票</p><p>第3位：《进击的巨人》第三季 335票</p><p>第4位：《少女歌剧》 280票</p><p>第5位：《工作细胞》 154票</p><p>第5位（并列）：《BANANA FISH》 154票</p><p>第7位：《邪神与厨二病少女》 152票</p><p>第7位（并列）：《深夜！天才傻鹏》 152票</p><p>第7位（并列）：《摇曳庄的幽奈小姐》 152票</p><p>第10位：《向山进发》第三季 145票</p><p>第11位：《游戏3人娘（来玩游戏吧）》 141票</p><p>第12位：《OVERLORD》第二季 119票</p><p>第13位：《×的天使》 97票</p><p>第14位：《元寇合战记》 93票</p><p>第15位：《七星的昴星团》 85票</p><p style=\"text-align: center;\"><img alt=\"不容错过的7月深夜档 《银之魂篇》呼声最高\" src=\"http://inews.gtimg.com/newsapp_match/0/2420777583/0\"></p><p>《银魂》动画是动漫迷最不想也不能停下来的动画，笑点泪点一样多。由于其内容屡次挑战道德守护人底线，经常让人担心什么时候被砍掉，结果不知不觉播放了这么多年，也进入了最终章。</p><p style=\"text-align: center;\"><img alt=\"不容错过的7月深夜档 《银之魂篇》呼声最高\" src=\"http://inews.gtimg.com/newsapp_match/0/3972512163/0\"></p><p>《Free!-Dive to the Future-》是一部男孩子的游泳故事，之前两部都在描述男孩子们的高中生活，这次大家要高中毕业了，迈上各自的道路。以大学生身份上京后，七濑遥他们又会迎来什么样的新天地呢？</p><p style=\"text-align: center;\"><img alt=\"不容错过的7月深夜档 《银之魂篇》呼声最高\" src=\"http://inews.gtimg.com/newsapp_match/0/4064944212/0\"></p>《进击的巨人》第三季也要开播了，在之前的剧情中，艾伦在妈妈被巨人吞噬后便发誓终身打倒巨人，并在小伙伴队伍中发现了背叛者，究竟他能解开多少巨人的秘密呢？让人心痒难耐。', 0, 1, 0, 0, '/pic/20151123212553_wHFds.thumb.700_0.jpeg');
INSERT INTO `news` VALUES (70, 6, 'BICAF联手IDO漫展明日震撼开幕 超多爆点一网打尽', 'hh', '2018-08-08 19:28:14', 4142, '动漫星空', '<p align=\"center\"><a target=\"_blank\" href=\"http://www.gamersky.com/showimage/id_gamersky.shtml?http://img1.gamersky.com/image2018/08/20180807_lr_176_5/gamersky_04origin_07_2018871732A04.jpg\"><img class=\"picact\" alt=\"游民星空\" src=\"http://img1.gamersky.com/image2018/08/20180807_lr_176_5/gamersky_04small_08_2018871732B99.jpg\" border=\"0\"></a></p>', 0, 1, 0, 0, '/pic/8672f41b8ded42c49ad88fc0d223bc9f.jpg');
INSERT INTO `news` VALUES (71, 1, ' 新海诚团队动画《肆式青春》豆瓣5.5分 剧情略空洞  ', 'hh', '2018-08-08 18:49:48', 5866, '动漫星空', '具有登录一次处理你的文件.业务社会今天具有注意一种.\n解决怎么你们发表建设数据.资源业务活动学生中国.方式增加标题朋友可是一般是一.\n空间重要以下大学日期.销售世界只要学生这些.', 0, 1, 1, 0, 'IBPP0878989315881.jpg');
INSERT INTO `news` VALUES (72, 1, '不容错过的7月深夜档 《银之魂篇》呼声最高', 'hh', '2018-08-09 20:02:59', 8081, '动漫星空', '<p>7月动画已经开播，既有刺激的深夜档，也有知名作品的续作，也有备受期待的原创作品，让人眼花缭乱。goo网站对动漫迷进行调查：你认为哪部7月深夜动画最不容错过呢？在3362票中，排名前三位的分别是《银魂：银之魂篇》《Free!-Dive\r\n to the Future-》与《进击的巨人》第三季。</p><p style=\"text-align: center;\"><img alt=\"不容错过的7月深夜档 《银之魂篇》呼声最高\" src=\"http://inews.gtimg.com/newsapp_match/0/4202919717/0\"></p><p>【最不容错过的7月深夜动画TOP15】</p><p>第1位：《银魂：银之魂篇》 414票</p><p>第2位：《Free!-Dive to the Future-》 346票</p><p>第3位：《进击的巨人》第三季 335票</p><p>第4位：《少女歌剧》 280票</p><p>第5位：《工作细胞》 154票</p><p>第5位（并列）：《BANANA FISH》 154票</p><p>第7位：《邪神与厨二病少女》 152票</p><p>第7位（并列）：《深夜！天才傻鹏》 152票</p><p>第7位（并列）：《摇曳庄的幽奈小姐》 152票</p><p>第10位：《向山进发》第三季 145票</p><p>第11位：《游戏3人娘（来玩游戏吧）》 141票</p><p>第12位：《OVERLORD》第二季 119票</p><p>第13位：《×的天使》 97票</p><p>第14位：《元寇合战记》 93票</p><p>第15位：《七星的昴星团》 85票</p><p style=\"text-align: center;\"><img alt=\"不容错过的7月深夜档 《银之魂篇》呼声最高\" src=\"http://inews.gtimg.com/newsapp_match/0/2420777583/0\"></p><p>《银魂》动画是动漫迷最不想也不能停下来的动画，笑点泪点一样多。由于其内容屡次挑战道德守护人底线，经常让人担心什么时候被砍掉，结果不知不觉播放了这么多年，也进入了最终章。</p><p style=\"text-align: center;\"><img alt=\"不容错过的7月深夜档 《银之魂篇》呼声最高\" src=\"http://inews.gtimg.com/newsapp_match/0/3972512163/0\"></p><p>《Free!-Dive to the Future-》是一部男孩子的游泳故事，之前两部都在描述男孩子们的高中生活，这次大家要高中毕业了，迈上各自的道路。以大学生身份上京后，七濑遥他们又会迎来什么样的新天地呢？</p><p style=\"text-align: center;\"><img alt=\"不容错过的7月深夜档 《银之魂篇》呼声最高\" src=\"http://inews.gtimg.com/newsapp_match/0/4064944212/0\"></p>《进击的巨人》第三季也要开播了，在之前的剧情中，艾伦在妈妈被巨人吞噬后便发誓终身打倒巨人，并在小伙伴队伍中发现了背叛者，究竟他能解开多少巨人的秘密呢？让人心痒难耐。', 0, 1, 1, 1, '/pic/20151123212553_wHFds.thumb.700_0.jpeg');
INSERT INTO `news` VALUES (73, 4, ' 新海诚团队动画《肆式青春》豆瓣5.5分 剧情略空洞  ', 'hh', '2018-08-08 18:49:48', 621, '动漫星空', '本站之后报告公司之后关系音乐.美国会员论坛这样全部全国.\n问题首页显示.或者查看还有不断部门.系列制作都是类别一切看到.\n学生如果参加.加入注册国家作为设备.\n这些状态是一名称之后电子的是就是.', 0, 0, 0, 0, 'JFFW2743329841508.jpg');
INSERT INTO `news` VALUES (74, 8, '浪费帅哥？《银魂2》特别影像公开', 'hh', '2018-08-16 09:10:45', 1936, '动漫星空', '<p>指挥官，要不要来一场热血的棒球？《超次元大海战》中运动健将——明尼阿波利斯作为港区棒球小队的成员，除了在战场中填补空缺补之外，不在战斗的时候永远出没在体育场上。当然，明尼阿波利斯主要还是出现在棒球场啦！只要有棒球的地方，都能看到明尼矫健的身姿，下一球，本垒打，嗨，看球。\r\n</p><div class=\"img_wrapper\"><img src=\"http://n.sinaimg.cn/comic/transform/567/w500h867/20180801/kWMs-hhacrce8022643.jpg\" alt=\"\" data-link=\"\"><span class=\"img_descr\"></span></div>\r\n<p>　　战场上的明尼阿波菲斯也有着如同竞技场一样矫健的身姿，总是穿插在队伍中，出现在任何需要补助的地方，填补着舰队的空缺，不起眼的身影却总是可以发挥出百分百的战斗力，让人叹为观止。</p>\r\n<p>　　《超次元大海战》一直以优异的立绘画风为主要特点，游戏中有无数千姿百态、性格各异的小姐姐等着指挥官前去领养，想要知道最新的游戏资讯，就请持续关注《超次元大海战》的官网贴吧、官方微博以及微信吧！</p>', 0, 1, 1, 1, '/pic/48cd67c118a844a2af8d136774c4a5dd.jpg');
INSERT INTO `news` VALUES (75, 1, '不容错过的7月深夜档 《银之魂篇》呼声最高', 'hh', '2018-08-09 20:02:59', 4790, '动漫星空', '<p>又是一年 7.29，碧海娘又长大了一岁咯！很幸福有大家一直以来的陪伴，再过两周，碧海娘又要以全新的面貌迎接碧海祭，迎接小伙伴们的到来啦！作为给各位也是给自己的生日礼物，今日终宣奉上！\r\n</p><p>　　诸多展会精彩内容，赶紧戳图片先睹为快！！！</p>\r\n<div class=\"img_wrapper\"><img src=\"http://n.sinaimg.cn/comic/crawl/515/w550h765/20180731/H7TH-hhacrce2476805.jpg\" alt=\"\"><span class=\"img_descr\"></span></div>\r\n<p>　　碧海祭 7.0 宣传视频 B 站地址：&nbsp;https：//www.bilibili.com/video/av27956179　　</p>\r\n<p>　<strong>　烟台碧海祭 BSS7.0[夏日梦境]，8 月 11-12 日，鲁东大学体育馆，等你来玩！</strong></p>\r\n<p>　　内场外场皆有丰富主题活动内容，<strong>“国动巡回礼”携《魔道祖师》《狐妖小红娘》《一人之下》《妖怪名单》等火热 IP 再次降临现场！</strong></p>\r\n<p>　　<strong>真人吃鸡、泳池 Party、</strong>众多游戏让你玩到爽！</p>\r\n<p>　　舞台 Live 精彩纷呈，还有我们六位嘉宾<strong>[夕楼][西四][玄武][青木娜娜][鹿荼白]&nbsp;[小桶]</strong>助阵的金龙奖 Cosplay 大赛以及星舞银河宅舞大赛可千万不能错过！！！</p>', 0, 1, 0, 1, '/pic/20151123212553_wHFds.thumb.700_0.jpeg');
INSERT INTO `news` VALUES (76, 3, '《超次元大海战》——运动健将明尼阿波利斯', 'hh', '2018-08-08 19:20:50', 6052, '动漫星空', '<p>指挥官，要不要来一场热血的棒球？《超次元大海战》中运动健将——明尼阿波利斯作为港区棒球小队的成员，除了在战场中填补空缺补之外，不在战斗的时候永远出没在体育场上。当然，明尼阿波利斯主要还是出现在棒球场啦！只要有棒球的地方，都能看到明尼矫健的身姿，下一球，本垒打，嗨，看球。\r\n</p><div class=\"img_wrapper\"><img src=\"http://n.sinaimg.cn/comic/transform/567/w500h867/20180801/kWMs-hhacrce8022643.jpg\" alt=\"\" data-link=\"\"><span class=\"img_descr\"></span></div>\r\n<p>　　战场上的明尼阿波菲斯也有着如同竞技场一样矫健的身姿，总是穿插在队伍中，出现在任何需要补助的地方，填补着舰队的空缺，不起眼的身影却总是可以发挥出百分百的战斗力，让人叹为观止。</p>\r\n<p>　　《超次元大海战》一直以优异的立绘画风为主要特点，游戏中有无数千姿百态、性格各异的小姐姐等着指挥官前去领养，想要知道最新的游戏资讯，就请持续关注《超次元大海战》的官网贴吧、官方微博以及微信吧！</p>', 0, 1, 0, 0, '/pic/48cd67c118a844a2af8d136774c4a5dd.jpg');
INSERT INTO `news` VALUES (77, 5, '2018ChinaJoy圆满收官 母星系首秀惊艳', 'hh', '2018-08-08 19:28:43', 5515, '动漫星空', '<p>　　作为泛娱乐行业的新生代，母星系致力于中国短片市场，推动中国短片的开发与孵化，勾勒出未来泛娱乐产业的更多可能。至此，2018ChinaJoy圆满落幕，未来母星系将带领广大用户继续探索短片领域的不可思议。</p>', 0, 1, 0, 1, '/pic/79ce2bae54b44f228c91d133cc6205e9.jpg');
INSERT INTO `news` VALUES (78, 8, '不容错过的7月深夜档 《银之魂篇》呼声最高', 'hh', '2018-08-16 09:10:49', 1187, '动漫星空', '<p>漫画《五等分的花嫁》决定TV动画化，将于2019年放送！！！\r\n</p><p>　　漫画《五等分的花嫁》原先作为短篇刊登于周刊少年magazine，因为反响热烈获得连载机会，于周刊少年magazine36.37（合并号）开始长篇连载。</p>\r\n<p>　　故事简介：天才高中生上杉风太郎为了维持家里生计，去有钱人家生当家教。然而超乎想像的是，对方居然是五胞胎美少女！</p>\r\n<div class=\"img_wrapper\"><img src=\"http://n.sinaimg.cn/comic/crawl/539/w550h789/20180808/HB1Z-hhkuskt7302238.jpg\" alt=\"\"><span class=\"img_descr\"></span></div>\r\n<div class=\"img_wrapper\"><img src=\"http://n.sinaimg.cn/comic/crawl/516/w550h766/20180808/cu54-hhkuskt7302303.jpg\" alt=\"\"><span class=\"img_descr\"></span></div>\r\n<div class=\"img_wrapper\"><img src=\"http://n.sinaimg.cn/comic/crawl/438/w550h688/20180808/QTYn-hhkuskt7303354.jpg\" alt=\"\"><span class=\"img_descr\"></span></div>\r\n<p>　　（来源：羁绊网）</p>', 0, 0, 1, 1, '/pic/20151123212553_wHFds.thumb.700_0.jpeg');
INSERT INTO `news` VALUES (79, 3, ' 新海诚团队动画《肆式青春》豆瓣5.5分 剧情略空洞  ', 'hh', '2018-08-08 18:49:48', 9396, '动漫星空', '就是要求建设什么主要.来自回复如此相关.软件以后事情一种广告社区.\n一些但是朋友生活结果.用户中文因为在线手机今年.选择为什必须内容可以基本.都是一般有些进行单位类型重要.\n状态看到设计电话.', 0, 0, 1, 0, 'KEQS9771318609190.jpg');
INSERT INTO `news` VALUES (80, 3, '烟台碧海祭BSS7.0终宣来袭——缤纷绚烂的夏日梦境即将精彩开幕！', 'hh', '2018-08-08 19:26:32', 698, '动漫星空', '<p>又是一年 7.29，碧海娘又长大了一岁咯！很幸福有大家一直以来的陪伴，再过两周，碧海娘又要以全新的面貌迎接碧海祭，迎接小伙伴们的到来啦！作为给各位也是给自己的生日礼物，今日终宣奉上！\r\n</p><p>　　诸多展会精彩内容，赶紧戳图片先睹为快！！！</p>\r\n<div class=\"img_wrapper\"><img src=\"http://n.sinaimg.cn/comic/crawl/515/w550h765/20180731/H7TH-hhacrce2476805.jpg\" alt=\"\"><span class=\"img_descr\"></span></div>\r\n<p>　　碧海祭 7.0 宣传视频 B 站地址：&nbsp;https：//www.bilibili.com/video/av27956179　　</p>\r\n<p>　<strong>　烟台碧海祭 BSS7.0[夏日梦境]，8 月 11-12 日，鲁东大学体育馆，等你来玩！</strong></p>\r\n<p>　　内场外场皆有丰富主题活动内容，<strong>“国动巡回礼”携《魔道祖师》《狐妖小红娘》《一人之下》《妖怪名单》等火热 IP 再次降临现场！</strong></p>\r\n<p>　　<strong>真人吃鸡、泳池 Party、</strong>众多游戏让你玩到爽！</p>\r\n<p>　　舞台 Live 精彩纷呈，还有我们六位嘉宾<strong>[夕楼][西四][玄武][青木娜娜][鹿荼白]&nbsp;[小桶]</strong>助阵的金龙奖 Cosplay 大赛以及星舞银河宅舞大赛可千万不能错过！！！</p>', 0, 0, 1, 0, '/pic/0c6a2b5dc95a4e8e8c8fd364e8373a6b.jpg');
INSERT INTO `news` VALUES (81, 3, '不容错过的7月深夜档 《银之魂篇》呼声最高', 'hh', '2018-08-09 20:02:59', 9736, '动漫星空', '<p>7月动画已经开播，既有刺激的深夜档，也有知名作品的续作，也有备受期待的原创作品，让人眼花缭乱。goo网站对动漫迷进行调查：你认为哪部7月深夜动画最不容错过呢？在3362票中，排名前三位的分别是《银魂：银之魂篇》《Free!-Dive\r\n to the Future-》与《进击的巨人》第三季。</p><p style=\"text-align: center;\"><img alt=\"不容错过的7月深夜档 《银之魂篇》呼声最高\" src=\"http://inews.gtimg.com/newsapp_match/0/4202919717/0\"></p><p>【最不容错过的7月深夜动画TOP15】</p><p>第1位：《银魂：银之魂篇》 414票</p><p>第2位：《Free!-Dive to the Future-》 346票</p><p>第3位：《进击的巨人》第三季 335票</p><p>第4位：《少女歌剧》 280票</p><p>第5位：《工作细胞》 154票</p><p>第5位（并列）：《BANANA FISH》 154票</p><p>第7位：《邪神与厨二病少女》 152票</p><p>第7位（并列）：《深夜！天才傻鹏》 152票</p><p>第7位（并列）：《摇曳庄的幽奈小姐》 152票</p><p>第10位：《向山进发》第三季 145票</p><p>第11位：《游戏3人娘（来玩游戏吧）》 141票</p><p>第12位：《OVERLORD》第二季 119票</p><p>第13位：《×的天使》 97票</p><p>第14位：《元寇合战记》 93票</p><p>第15位：《七星的昴星团》 85票</p><p style=\"text-align: center;\"><img alt=\"不容错过的7月深夜档 《银之魂篇》呼声最高\" src=\"http://inews.gtimg.com/newsapp_match/0/2420777583/0\"></p><p>《银魂》动画是动漫迷最不想也不能停下来的动画，笑点泪点一样多。由于其内容屡次挑战道德守护人底线，经常让人担心什么时候被砍掉，结果不知不觉播放了这么多年，也进入了最终章。</p><p style=\"text-align: center;\"><img alt=\"不容错过的7月深夜档 《银之魂篇》呼声最高\" src=\"http://inews.gtimg.com/newsapp_match/0/3972512163/0\"></p><p>《Free!-Dive to the Future-》是一部男孩子的游泳故事，之前两部都在描述男孩子们的高中生活，这次大家要高中毕业了，迈上各自的道路。以大学生身份上京后，七濑遥他们又会迎来什么样的新天地呢？</p><p style=\"text-align: center;\"><img alt=\"不容错过的7月深夜档 《银之魂篇》呼声最高\" src=\"http://inews.gtimg.com/newsapp_match/0/4064944212/0\"></p>《进击的巨人》第三季也要开播了，在之前的剧情中，艾伦在妈妈被巨人吞噬后便发誓终身打倒巨人，并在小伙伴队伍中发现了背叛者，究竟他能解开多少巨人的秘密呢？让人心痒难耐。', 0, 1, 1, 0, '/pic/20151123212553_wHFds.thumb.700_0.jpeg');
INSERT INTO `news` VALUES (82, 8, '《超次元大海战》——运动健将明尼阿波利斯', 'hh', '2018-08-16 09:10:55', 6674, '动漫星空', '<p>指挥官，要不要来一场热血的棒球？《超次元大海战》中运动健将——明尼阿波利斯作为港区棒球小队的成员，除了在战场中填补空缺补之外，不在战斗的时候永远出没在体育场上。当然，明尼阿波利斯主要还是出现在棒球场啦！只要有棒球的地方，都能看到明尼矫健的身姿，下一球，本垒打，嗨，看球。\r\n</p><div class=\"img_wrapper\"><img src=\"http://n.sinaimg.cn/comic/transform/567/w500h867/20180801/kWMs-hhacrce8022643.jpg\" alt=\"\" data-link=\"\"><span class=\"img_descr\"></span></div>\r\n<p>　　战场上的明尼阿波菲斯也有着如同竞技场一样矫健的身姿，总是穿插在队伍中，出现在任何需要补助的地方，填补着舰队的空缺，不起眼的身影却总是可以发挥出百分百的战斗力，让人叹为观止。</p>\r\n<p>　　《超次元大海战》一直以优异的立绘画风为主要特点，游戏中有无数千姿百态、性格各异的小姐姐等着指挥官前去领养，想要知道最新的游戏资讯，就请持续关注《超次元大海战》的官网贴吧、官方微博以及微信吧！</p>', 0, 0, 1, 0, '/pic/48cd67c118a844a2af8d136774c4a5dd.jpg');
INSERT INTO `news` VALUES (83, 1, ' 新海诚团队动画《肆式青春》豆瓣5.5分 剧情略空洞  ', 'hh', '2018-08-08 18:49:48', 7565, '动漫星空', '进入大学如果这些.最大阅读介绍详细我的国际.来自回复可是问题影响最后什么管理.\n联系还有正在科技.地区怎么简介根据为什学校搜索.', 0, 1, 1, 1, 'VVFF7153497041298.jpg');
INSERT INTO `news` VALUES (84, 2, '不容错过的7月深夜档 《银之魂篇》呼声最高', 'hh', '2018-08-09 20:02:59', 3993, '动漫星空', '<p align=\"center\"><a target=\"_blank\" href=\"http://www.gamersky.com/showimage/id_gamersky.shtml?http://img1.gamersky.com/image2018/08/20180807_lr_176_5/gamersky_04origin_07_2018871732A04.jpg\"><img class=\"picact\" alt=\"游民星空\" src=\"http://img1.gamersky.com/image2018/08/20180807_lr_176_5/gamersky_04small_08_2018871732B99.jpg\" border=\"0\"></a></p>', 0, 0, 0, 0, '/pic/20151123212553_wHFds.thumb.700_0.jpeg');
INSERT INTO `news` VALUES (85, 3, '青年与猫的日常！《同居人在膝上 有时在头上》动画化', 'hh', '2018-08-08 19:29:19', 8637, '动漫星空', '<p>漫画《同居人在膝上 有时在头上》宣布了TV动画化的消息，动画预计将于2019年年内播出。\r\n</p><div class=\"img_wrapper\"><img src=\"http://n.sinaimg.cn/comic/transform/527/w550h777/20180808/KdVf-hhkuskt7338571.jpg\" alt=\"\" data-mcesrc=\"https://images.dmzj.com/resource/news/2018/08/08/1533701795565289.jpg\" data-link=\"\"><span class=\"img_descr\"></span></div>\r\n<p style=\"text-align: left;\">　　本作讲述了不擅长与人交往的小说家朏素晴，与他捡的一只小猫春一起度过的日常故事。每个故事都会从素晴和春两个视角进行描述。原作漫画单行本目前发售到第4卷。</p>\r\n<div class=\"img_wrapper\"><img src=\"http://n.sinaimg.cn/comic/transform/538/w550h788/20180808/glNp-hhkuskt7343002.jpg\" alt=\"\" data-mcesrc=\"https://images.dmzj.com/resource/news/2018/08/08/1533701801139369.jpg\" data-link=\"\"><span class=\"img_descr\"></span></div>\r\n<p style=\"text-align: left;\">　　这次的动画由制作了《碧蓝之海》的ZERO-G制作，铃木薫担任导演，赤尾凸担任编剧，北尾胜负责角色设计。</p>', 0, 0, 1, 1, '/pic/523a233a6ffd4fe8962a25e47c1e1ff9.jpg');
INSERT INTO `news` VALUES (86, 2, '《超次元大海战》——运动健将明尼阿波利斯', 'hh', '2018-08-08 19:20:50', 9872, '动漫星空', '<p>指挥官，要不要来一场热血的棒球？《超次元大海战》中运动健将——明尼阿波利斯作为港区棒球小队的成员，除了在战场中填补空缺补之外，不在战斗的时候永远出没在体育场上。当然，明尼阿波利斯主要还是出现在棒球场啦！只要有棒球的地方，都能看到明尼矫健的身姿，下一球，本垒打，嗨，看球。\r\n</p><div class=\"img_wrapper\"><img src=\"http://n.sinaimg.cn/comic/transform/567/w500h867/20180801/kWMs-hhacrce8022643.jpg\" alt=\"\" data-link=\"\"><span class=\"img_descr\"></span></div>\r\n<p>　　战场上的明尼阿波菲斯也有着如同竞技场一样矫健的身姿，总是穿插在队伍中，出现在任何需要补助的地方，填补着舰队的空缺，不起眼的身影却总是可以发挥出百分百的战斗力，让人叹为观止。</p>\r\n<p>　　《超次元大海战》一直以优异的立绘画风为主要特点，游戏中有无数千姿百态、性格各异的小姐姐等着指挥官前去领养，想要知道最新的游戏资讯，就请持续关注《超次元大海战》的官网贴吧、官方微博以及微信吧！</p>', 0, 1, 1, 1, '/pic/48cd67c118a844a2af8d136774c4a5dd.jpg');
INSERT INTO `news` VALUES (87, 7, '不容错过的7月深夜档 《银之魂篇》呼声最高', 'hh', '2018-08-16 09:10:24', 3662, '动漫星空', '<p>7月17日，《狼与香辛料》官方宣布制作VR动画（“SpicyTails”负责制作），8月4日，官方公开了VR动画中赫萝的3D模型，一起来看一下吧。\r\n</p><div class=\"img_wrapper\"><img src=\"http://n.sinaimg.cn/comic/gif_image/790/w502h288/20180807/A3lZ-hhkusks9088812.gif\" alt=\"\"><span class=\"img_descr\"></span></div>\r\n<p>　　目前该VR动画没有手机平台，仅针对HTC Vive、Oculus Rift设备进行适配，将来会采用怎样的视角来观看动画也暂未公布。</p>\r\n<div class=\"img_wrapper\"><img src=\"http://n.sinaimg.cn/comic/crawl/94/w550h344/20180807/MVN_-hhkusks9089120.jpg\" alt=\"\"><span class=\"img_descr\"></span></div>\r\n<p>　　不过在此之前，“SpicyTails”社团推出《Project \r\nLux》也是以VR动画的形式展现，生活在虚拟世界的少女遇害，负责支援Lux的Agent被认为是凶手，玩家扮演的陪审员调查Agent的记忆还原真相，以第一人称视角看到Agent与Lux过去发生了什么。或许《Project\r\n Lux》这部作品就是《狼与香辛料》的试作形也说不定。</p>\r\n<div class=\"img_wrapper\"><img src=\"http://n.sinaimg.cn/comic/crawl/74/w550h324/20180807/JBrU-hhkusks9090772.jpg\" alt=\"\"><span class=\"img_descr\"></span></div>\r\n<div class=\"img_wrapper\"><img src=\"http://n.sinaimg.cn/comic/crawl/74/w550h324/20180807/wAOW-hhkusks9090907.jpg\" alt=\"\"><span class=\"img_descr\"></span></div>', 0, 1, 1, 1, '/pic/20151123212553_wHFds.thumb.700_0.jpeg');
INSERT INTO `news` VALUES (88, 3, '2018ChinaJoy圆满收官 母星系首秀惊艳', 'hh', '2018-08-08 19:28:43', 271, '动漫星空', '<p>　　作为泛娱乐行业的新生代，母星系致力于中国短片市场，推动中国短片的开发与孵化，勾勒出未来泛娱乐产业的更多可能。至此，2018ChinaJoy圆满落幕，未来母星系将带领广大用户继续探索短片领域的不可思议。</p>', 0, 1, 1, 0, '/pic/79ce2bae54b44f228c91d133cc6205e9.jpg');
INSERT INTO `news` VALUES (89, 2, ' 新海诚团队动画《肆式青春》豆瓣5.5分 剧情略空洞  ', 'hh', '2018-08-08 18:49:48', 4712, '动漫星空', '这样比较孩子经营计划.要求这种参加关于虽然两个.图片全部以后怎么说明所有.\n语言可能语言搜索市场介绍.城市方面一起.\n研究一定本站继续作者首页.威望影响单位工作.', 0, 0, 0, 0, 'LVEO7255551175396.jpg');
INSERT INTO `news` VALUES (90, 2, '不容错过的7月深夜档 《银之魂篇》呼声最高', 'hh', '2018-08-09 20:02:59', 152, '动漫星空', '<p>又是一年 7.29，碧海娘又长大了一岁咯！很幸福有大家一直以来的陪伴，再过两周，碧海娘又要以全新的面貌迎接碧海祭，迎接小伙伴们的到来啦！作为给各位也是给自己的生日礼物，今日终宣奉上！\r\n</p><p>　　诸多展会精彩内容，赶紧戳图片先睹为快！！！</p>\r\n<div class=\"img_wrapper\"><img src=\"http://n.sinaimg.cn/comic/crawl/515/w550h765/20180731/H7TH-hhacrce2476805.jpg\" alt=\"\"><span class=\"img_descr\"></span></div>\r\n<p>　　碧海祭 7.0 宣传视频 B 站地址：&nbsp;https：//www.bilibili.com/video/av27956179　　</p>\r\n<p>　<strong>　烟台碧海祭 BSS7.0[夏日梦境]，8 月 11-12 日，鲁东大学体育馆，等你来玩！</strong></p>\r\n<p>　　内场外场皆有丰富主题活动内容，<strong>“国动巡回礼”携《魔道祖师》《狐妖小红娘》《一人之下》《妖怪名单》等火热 IP 再次降临现场！</strong></p>\r\n<p>　　<strong>真人吃鸡、泳池 Party、</strong>众多游戏让你玩到爽！</p>\r\n<p>　　舞台 Live 精彩纷呈，还有我们六位嘉宾<strong>[夕楼][西四][玄武][青木娜娜][鹿荼白]&nbsp;[小桶]</strong>助阵的金龙奖 Cosplay 大赛以及星舞银河宅舞大赛可千万不能错过！！！</p>', 0, 1, 0, 1, '/pic/20151123212553_wHFds.thumb.700_0.jpeg');
INSERT INTO `news` VALUES (91, 2, '漫画《五等分的花嫁》决定TV动画化！！！', 'hh', '2018-08-08 19:28:14', 9672, '动漫星空', '<p>漫画《五等分的花嫁》决定TV动画化，将于2019年放送！！！\r\n</p><p>　　漫画《五等分的花嫁》原先作为短篇刊登于周刊少年magazine，因为反响热烈获得连载机会，于周刊少年magazine36.37（合并号）开始长篇连载。</p>\r\n<p>　　故事简介：天才高中生上杉风太郎为了维持家里生计，去有钱人家生当家教。然而超乎想像的是，对方居然是五胞胎美少女！</p>\r\n<div class=\"img_wrapper\"><img src=\"http://n.sinaimg.cn/comic/crawl/539/w550h789/20180808/HB1Z-hhkuskt7302238.jpg\" alt=\"\"><span class=\"img_descr\"></span></div>\r\n<div class=\"img_wrapper\"><img src=\"http://n.sinaimg.cn/comic/crawl/516/w550h766/20180808/cu54-hhkuskt7302303.jpg\" alt=\"\"><span class=\"img_descr\"></span></div>\r\n<div class=\"img_wrapper\"><img src=\"http://n.sinaimg.cn/comic/crawl/438/w550h688/20180808/QTYn-hhkuskt7303354.jpg\" alt=\"\"><span class=\"img_descr\"></span></div>\r\n<p>　　（来源：羁绊网）</p>', 0, 0, 1, 0, '/pic/8672f41b8ded42c49ad88fc0d223bc9f.jpg');
INSERT INTO `news` VALUES (92, 7, '干物女的十大特征，你中了哪几条？', 'hh', '2018-08-16 10:36:51', 2751, '动漫星空', '<p>指挥官，要不要来一场热血的棒球？《超次元大海战》中运动健将——明尼阿波利斯作为港区棒球小队的成员，除了在战场中填补空缺补之外，不在战斗的时候永远出没在体育场上。当然，明尼阿波利斯主要还是出现在棒球场啦！只要有棒球的地方，都能看到明尼矫健的身姿，下一球，本垒打，嗨，看球。\r\n</p><div class=\"img_wrapper\"><img src=\"http://n.sinaimg.cn/comic/transform/567/w500h867/20180801/kWMs-hhacrce8022643.jpg\" alt=\"\" data-link=\"\"><span class=\"img_descr\"></span></div>\r\n<p>　　战场上的明尼阿波菲斯也有着如同竞技场一样矫健的身姿，总是穿插在队伍中，出现在任何需要补助的地方，填补着舰队的空缺，不起眼的身影却总是可以发挥出百分百的战斗力，让人叹为观止。</p>\r\n<p>　　《超次元大海战》一直以优异的立绘画风为主要特点，游戏中有无数千姿百态、性格各异的小姐姐等着指挥官前去领养，想要知道最新的游戏资讯，就请持续关注《超次元大海战》的官网贴吧、官方微博以及微信吧！</p>', 0, 1, 1, 0, '/pic/48cd67c118a844a2af8d136774c4a5dd.jpg');
INSERT INTO `news` VALUES (93, 7, '不容错过的7月深夜档 《银之魂篇》呼声最高', 'hh', '2018-08-16 09:10:35', 2625, '动漫星空', '<p>7月动画已经开播，既有刺激的深夜档，也有知名作品的续作，也有备受期待的原创作品，让人眼花缭乱。goo网站对动漫迷进行调查：你认为哪部7月深夜动画最不容错过呢？在3362票中，排名前三位的分别是《银魂：银之魂篇》《Free!-Dive\r\n to the Future-》与《进击的巨人》第三季。</p><p style=\"text-align: center;\"><img alt=\"不容错过的7月深夜档 《银之魂篇》呼声最高\" src=\"http://inews.gtimg.com/newsapp_match/0/4202919717/0\"></p><p>【最不容错过的7月深夜动画TOP15】</p><p>第1位：《银魂：银之魂篇》 414票</p><p>第2位：《Free!-Dive to the Future-》 346票</p><p>第3位：《进击的巨人》第三季 335票</p><p>第4位：《少女歌剧》 280票</p><p>第5位：《工作细胞》 154票</p><p>第5位（并列）：《BANANA FISH》 154票</p><p>第7位：《邪神与厨二病少女》 152票</p><p>第7位（并列）：《深夜！天才傻鹏》 152票</p><p>第7位（并列）：《摇曳庄的幽奈小姐》 152票</p><p>第10位：《向山进发》第三季 145票</p><p>第11位：《游戏3人娘（来玩游戏吧）》 141票</p><p>第12位：《OVERLORD》第二季 119票</p><p>第13位：《×的天使》 97票</p><p>第14位：《元寇合战记》 93票</p><p>第15位：《七星的昴星团》 85票</p><p style=\"text-align: center;\"><img alt=\"不容错过的7月深夜档 《银之魂篇》呼声最高\" src=\"http://inews.gtimg.com/newsapp_match/0/2420777583/0\"></p><p>《银魂》动画是动漫迷最不想也不能停下来的动画，笑点泪点一样多。由于其内容屡次挑战道德守护人底线，经常让人担心什么时候被砍掉，结果不知不觉播放了这么多年，也进入了最终章。</p><p style=\"text-align: center;\"><img alt=\"不容错过的7月深夜档 《银之魂篇》呼声最高\" src=\"http://inews.gtimg.com/newsapp_match/0/3972512163/0\"></p><p>《Free!-Dive to the Future-》是一部男孩子的游泳故事，之前两部都在描述男孩子们的高中生活，这次大家要高中毕业了，迈上各自的道路。以大学生身份上京后，七濑遥他们又会迎来什么样的新天地呢？</p><p style=\"text-align: center;\"><img alt=\"不容错过的7月深夜档 《银之魂篇》呼声最高\" src=\"http://inews.gtimg.com/newsapp_match/0/4064944212/0\"></p>《进击的巨人》第三季也要开播了，在之前的剧情中，艾伦在妈妈被巨人吞噬后便发誓终身打倒巨人，并在小伙伴队伍中发现了背叛者，究竟他能解开多少巨人的秘密呢？让人心痒难耐。', 0, 0, 1, 0, '/pic/20151123212553_wHFds.thumb.700_0.jpeg');
INSERT INTO `news` VALUES (94, 6, '《超次元大海战》——运动健将明尼阿波利斯', 'hh', '2018-08-08 19:20:50', 1505, '动漫星空', '<p>指挥官，要不要来一场热血的棒球？《超次元大海战》中运动健将——明尼阿波利斯作为港区棒球小队的成员，除了在战场中填补空缺补之外，不在战斗的时候永远出没在体育场上。当然，明尼阿波利斯主要还是出现在棒球场啦！只要有棒球的地方，都能看到明尼矫健的身姿，下一球，本垒打，嗨，看球。\r\n</p><div class=\"img_wrapper\"><img src=\"http://n.sinaimg.cn/comic/transform/567/w500h867/20180801/kWMs-hhacrce8022643.jpg\" alt=\"\" data-link=\"\"><span class=\"img_descr\"></span></div>\r\n<p>　　战场上的明尼阿波菲斯也有着如同竞技场一样矫健的身姿，总是穿插在队伍中，出现在任何需要补助的地方，填补着舰队的空缺，不起眼的身影却总是可以发挥出百分百的战斗力，让人叹为观止。</p>\r\n<p>　　《超次元大海战》一直以优异的立绘画风为主要特点，游戏中有无数千姿百态、性格各异的小姐姐等着指挥官前去领养，想要知道最新的游戏资讯，就请持续关注《超次元大海战》的官网贴吧、官方微博以及微信吧！</p>', 0, 0, 1, 0, '/pic/48cd67c118a844a2af8d136774c4a5dd.jpg');
INSERT INTO `news` VALUES (95, 5, '烟台碧海祭BSS7.0终宣来袭——缤纷绚烂的夏日梦境即将精彩开幕！', 'hh', '2018-08-08 19:26:32', 7266, '动漫星空', '<p>又是一年 7.29，碧海娘又长大了一岁咯！很幸福有大家一直以来的陪伴，再过两周，碧海娘又要以全新的面貌迎接碧海祭，迎接小伙伴们的到来啦！作为给各位也是给自己的生日礼物，今日终宣奉上！\r\n</p><p>　　诸多展会精彩内容，赶紧戳图片先睹为快！！！</p>\r\n<div class=\"img_wrapper\"><img src=\"http://n.sinaimg.cn/comic/crawl/515/w550h765/20180731/H7TH-hhacrce2476805.jpg\" alt=\"\"><span class=\"img_descr\"></span></div>\r\n<p>　　碧海祭 7.0 宣传视频 B 站地址：&nbsp;https：//www.bilibili.com/video/av27956179　　</p>\r\n<p>　<strong>　烟台碧海祭 BSS7.0[夏日梦境]，8 月 11-12 日，鲁东大学体育馆，等你来玩！</strong></p>\r\n<p>　　内场外场皆有丰富主题活动内容，<strong>“国动巡回礼”携《魔道祖师》《狐妖小红娘》《一人之下》《妖怪名单》等火热 IP 再次降临现场！</strong></p>\r\n<p>　　<strong>真人吃鸡、泳池 Party、</strong>众多游戏让你玩到爽！</p>\r\n<p>　　舞台 Live 精彩纷呈，还有我们六位嘉宾<strong>[夕楼][西四][玄武][青木娜娜][鹿荼白]&nbsp;[小桶]</strong>助阵的金龙奖 Cosplay 大赛以及星舞银河宅舞大赛可千万不能错过！！！</p>', 0, 1, 1, 1, '/pic/0c6a2b5dc95a4e8e8c8fd364e8373a6b.jpg');
INSERT INTO `news` VALUES (96, 1, '不容错过的7月深夜档 《银之魂篇》呼声最高', 'hh', '2018-08-09 20:02:59', 2426, '动漫星空', '<p>7月动画已经开播，既有刺激的深夜档，也有知名作品的续作，也有备受期待的原创作品，让人眼花缭乱。goo网站对动漫迷进行调查：你认为哪部7月深夜动画最不容错过呢？在3362票中，排名前三位的分别是《银魂：银之魂篇》《Free!-Dive\r\n to the Future-》与《进击的巨人》第三季。</p><p style=\"text-align: center;\"><img alt=\"不容错过的7月深夜档 《银之魂篇》呼声最高\" src=\"http://inews.gtimg.com/newsapp_match/0/4202919717/0\"></p><p>【最不容错过的7月深夜动画TOP15】</p><p>第1位：《银魂：银之魂篇》 414票</p><p>第2位：《Free!-Dive to the Future-》 346票</p><p>第3位：《进击的巨人》第三季 335票</p><p>第4位：《少女歌剧》 280票</p><p>第5位：《工作细胞》 154票</p><p>第5位（并列）：《BANANA FISH》 154票</p><p>第7位：《邪神与厨二病少女》 152票</p><p>第7位（并列）：《深夜！天才傻鹏》 152票</p><p>第7位（并列）：《摇曳庄的幽奈小姐》 152票</p><p>第10位：《向山进发》第三季 145票</p><p>第11位：《游戏3人娘（来玩游戏吧）》 141票</p><p>第12位：《OVERLORD》第二季 119票</p><p>第13位：《×的天使》 97票</p><p>第14位：《元寇合战记》 93票</p><p>第15位：《七星的昴星团》 85票</p><p style=\"text-align: center;\"><img alt=\"不容错过的7月深夜档 《银之魂篇》呼声最高\" src=\"http://inews.gtimg.com/newsapp_match/0/2420777583/0\"></p><p>《银魂》动画是动漫迷最不想也不能停下来的动画，笑点泪点一样多。由于其内容屡次挑战道德守护人底线，经常让人担心什么时候被砍掉，结果不知不觉播放了这么多年，也进入了最终章。</p><p style=\"text-align: center;\"><img alt=\"不容错过的7月深夜档 《银之魂篇》呼声最高\" src=\"http://inews.gtimg.com/newsapp_match/0/3972512163/0\"></p><p>《Free!-Dive to the Future-》是一部男孩子的游泳故事，之前两部都在描述男孩子们的高中生活，这次大家要高中毕业了，迈上各自的道路。以大学生身份上京后，七濑遥他们又会迎来什么样的新天地呢？</p><p style=\"text-align: center;\"><img alt=\"不容错过的7月深夜档 《银之魂篇》呼声最高\" src=\"http://inews.gtimg.com/newsapp_match/0/4064944212/0\"></p>《进击的巨人》第三季也要开播了，在之前的剧情中，艾伦在妈妈被巨人吞噬后便发誓终身打倒巨人，并在小伙伴队伍中发现了背叛者，究竟他能解开多少巨人的秘密呢？让人心痒难耐。', 0, 1, 0, 1, '/pic/20151123212553_wHFds.thumb.700_0.jpeg');
INSERT INTO `news` VALUES (97, 3, ' 新海诚团队动画《肆式青春》豆瓣5.5分 剧情略空洞  ', 'hh', '2018-08-08 18:49:48', 1238, '动漫星空', '也是开始问题那么文章一样以下.类别更新地址.\n关系不同国家目前日本.所有电话控制文化使用继续文化.\n今天目前标题资料投资.时候项目实现首页.', 0, 0, 1, 0, 'GOAE4195915943074.jpg');
INSERT INTO `news` VALUES (98, 4, 'BICAF联手IDO漫展明日震撼开幕 超多爆点一网打尽', 'hh', '2018-08-08 19:28:14', 1035, '动漫星空', '<p align=\"center\"><a target=\"_blank\" href=\"http://www.gamersky.com/showimage/id_gamersky.shtml?http://img1.gamersky.com/image2018/08/20180807_lr_176_5/gamersky_04origin_07_2018871732A04.jpg\"><img class=\"picact\" alt=\"游民星空\" src=\"http://img1.gamersky.com/image2018/08/20180807_lr_176_5/gamersky_04small_08_2018871732B99.jpg\" border=\"0\"></a></p>', 0, 0, 0, 0, '/pic/8672f41b8ded42c49ad88fc0d223bc9f.jpg');
INSERT INTO `news` VALUES (99, 6, '不容错过的7月深夜档 《银之魂篇》呼声最高', 'hh', '2018-08-09 20:02:59', 7028, '动漫星空', '<p>　　作为泛娱乐行业的新生代，母星系致力于中国短片市场，推动中国短片的开发与孵化，勾勒出未来泛娱乐产业的更多可能。至此，2018ChinaJoy圆满落幕，未来母星系将带领广大用户继续探索短片领域的不可思议。</p>', 0, 0, 0, 0, '/pic/20151123212553_wHFds.thumb.700_0.jpeg');
INSERT INTO `news` VALUES (100, 3, '123', NULL, '2018-08-09 10:49:01', NULL, '312', '321312', 1, 0, 1, 1, '/pic/2ba145e50ed04048975c59338e94d933.jpg');

-- ----------------------------
-- Table structure for newsmaptags
-- ----------------------------
DROP TABLE IF EXISTS `newsmaptags`;
CREATE TABLE `newsmaptags`  (
  `newsId` int(11) NOT NULL DEFAULT '',
  `tagId` int(11) NOT NULL DEFAULT '',
  PRIMARY KEY USING BTREE (`newsId`, `tagId`),
  INDEX `FK_newsMapTags2` USING BTREE(`tagId`),
  CONSTRAINT `FK_newsMapTags2` FOREIGN KEY (`tagId`) REFERENCES `tags` (`tagId`) ON DELETE RESTRICT ON UPDATE RESTRICT,
  CONSTRAINT `FK_newsMapTags` FOREIGN KEY (`newsId`) REFERENCES `news` (`newsId`) ON DELETE RESTRICT ON UPDATE RESTRICT
) ENGINE = InnoDB CHARACTER SET = utf8 COLLATE = utf8_general_ci COMMENT = 'InnoDB free: 11264 kB; (`tagId`) REFER `animation/tags`(`tagId`); (`newsId`) REF' ROW_FORMAT = Compact;

-- ----------------------------
-- Records of newsmaptags
-- ----------------------------
INSERT INTO `newsmaptags` VALUES (1, 1);
INSERT INTO `newsmaptags` VALUES (3, 1);
INSERT INTO `newsmaptags` VALUES (3, 3);
INSERT INTO `newsmaptags` VALUES (1, 4);
INSERT INTO `newsmaptags` VALUES (3, 4);
INSERT INTO `newsmaptags` VALUES (7, 4);
INSERT INTO `newsmaptags` VALUES (3, 7);

-- ----------------------------
-- Table structure for reply
-- ----------------------------
DROP TABLE IF EXISTS `reply`;
CREATE TABLE `reply`  (
  `rid` int(11) NOT NULL AUTO_INCREMENT,
  `uid` int(11) NULL DEFAULT NULL,
  `cid` int(11) NULL DEFAULT NULL,
  `touid` int(11) NULL DEFAULT NULL,
  `content` varchar(255) CHARACTER SET utf8 COLLATE utf8_general_ci NULL DEFAULT NULL,
  `isDel` int(11) NOT NULL DEFAULT 0,
  `time` timestamp NULL DEFAULT CURRENT_TIMESTAMP ON UPDATE CURRENT_TIMESTAMP,
  PRIMARY KEY USING BTREE (`rid`),
  INDEX `FK_comment_reply` USING BTREE(`cid`),
  INDEX `FK_user_reply` USING BTREE(`uid`),
  CONSTRAINT `FK_comment_reply` FOREIGN KEY (`cid`) REFERENCES `comment` (`cid`) ON DELETE RESTRICT ON UPDATE RESTRICT,
  CONSTRAINT `FK_user_reply` FOREIGN KEY (`uid`) REFERENCES `user` (`uid`) ON DELETE RESTRICT ON UPDATE RESTRICT
) ENGINE = InnoDB AUTO_INCREMENT = 100 CHARACTER SET = utf8 COLLATE = utf8_general_ci COMMENT = 'InnoDB free: 11264 kB; (`cid`) REFER `animation/comment`(`cid`); (`uid`) REFER `' ROW_FORMAT = Compact;

-- ----------------------------
-- Records of reply
-- ----------------------------
INSERT INTO `reply` VALUES (1, 62, 1, 7, '决定世界注册那个您的本站业务客户.其中活动作为免费认为注意.政府首页开始文章实现活动电脑.\n不断作者需要方面技术.系统当然资源发布分析欢迎浏览进行.', 0, '2018-08-08 13:45:16');
INSERT INTO `reply` VALUES (2, 95, 2, 4, '内容可能中心用户.标准自己电脑开发.的人政府需要我们.类别质量具有只有全国参加.\n还是位置认为显示.信息更新上海公司这样.主要产品以上积分的是分析企业.', 0, '2018-08-08 13:45:16');
INSERT INTO `reply` VALUES (3, 34, 3, 53, '发现如此对于中文特别如果有些的人.电子网上在线电话浏览资料同时.帮助东西城市标准发表.\n根据不同点击电脑计划这些他的.标题不过不是大学.', 1, '2018-08-08 13:45:16');
INSERT INTO `reply` VALUES (4, 23, 4, 31, '国家程序类别由于.设计分析目前工具需要应该.\n所以非常虽然不同设备历史.\n图片搜索浏览由于一定文件表示.所有大小必须中文密码以后部门.应用标题什么要求.', 1, '2018-08-08 13:45:16');
INSERT INTO `reply` VALUES (5, 4, 5, 67, '正在因为自己以下.很多类别就是知道的是作为.为了之间成功大家品牌计划.\n电子全部我的完成一般管理为什.能够当前发现基本系列不过.\n地区支持表示出来这里为了欢迎.手机增加地方搜索介绍.', 0, '2018-08-08 13:45:16');
INSERT INTO `reply` VALUES (6, 44, 6, 20, '应该用户为了这种美国解决显示报告.如果项目语言谢谢觉得安全.\n一定网站根据大学.增加进入一直她的认为.\n价格名称你的她的类型.语言比较本站部分不是本站中文.', 0, '2018-08-08 13:45:16');
INSERT INTO `reply` VALUES (7, 68, 7, 26, '安全看到包括那么提供.\n解决具有如何帮助.这种运行起来自己的是品牌.\n这么信息商品组织一切.具有一定资源规定作品这个应该.公司地址状态用户.', 1, '2018-08-08 13:45:16');
INSERT INTO `reply` VALUES (8, 78, 8, 70, '目前通过这种运行北京.部分销售销售其他包括.\n注意目前不要报告.看到管理日本生产方式时间.\n你的怎么生产制作不要.的是学习内容数据经营不要.积分知道销售所以中心评论.', 0, '2018-08-08 13:45:16');
INSERT INTO `reply` VALUES (9, 89, 9, 97, '当然为什进入经济应该当前.一起提高中心.\n有限发展地区提供电话商品控制.的是也是你的这个.一般加入开始还是之间一次.\n自己有关下载这个业务.自己一起人员全国国际决定也是你们.', 0, '2018-08-08 13:45:16');
INSERT INTO `reply` VALUES (10, 56, 10, 43, '资源孩子单位准备.学校需要一直项目一些.\n时候这个发生网站大家一起.功能大学法律发布基本.\n情况本站点击以下重要朋友语言.地址不要朋友作者质量汽车增加公司.很多关系主要搜索研究部门得到专业.', 0, '2018-08-08 13:45:16');
INSERT INTO `reply` VALUES (11, 17, 11, 21, '然后系列会员资料.朋友研究作品原因活动.表示进入东西市场.\n她的主题用户经营大小主题运行.作者为什经验不是中国应用.', 1, '2018-08-08 13:45:16');
INSERT INTO `reply` VALUES (12, 59, 12, 14, '那些以后如此社会最后.类别朋友点击.应用制作之后资源.\n有限类别其实但是.出现因为业务出现对于欢迎那个.虽然控制成为决定历史图片合作.', 1, '2018-08-08 13:45:16');
INSERT INTO `reply` VALUES (13, 61, 13, 81, '国家阅读工具这是.出现虽然而且类别销售.系统感觉状态资源上海.表示我的本站本站推荐音乐显示.\n到了一样品牌那个.东西用户为了发展开发.分析男人人员同时国际.', 0, '2018-08-08 13:45:16');
INSERT INTO `reply` VALUES (14, 29, 14, 36, '国内研究生产报告.其中网络特别网络.\n为了提高认为一点最大.喜欢这种注意精华作品所有加入.\n本站下载可是谢谢问题很多.时间解决公司所以.', 1, '2018-08-08 13:45:16');
INSERT INTO `reply` VALUES (15, 81, 15, 85, '就是会员运行任何应该事情注册.管理非常方面一样.\n时间因此部分北京免费方式深圳网站.基本可以更新所以阅读个人建设.人民开发处理的人本站登录.\n语言企业设备必须质量阅读价格女人.处理手机生活电话.', 1, '2018-08-08 13:45:16');
INSERT INTO `reply` VALUES (16, 79, 16, 75, '不能说明主题出现时间这些图片.文章联系他的经验.根据下载不是产品.\n处理基本控制一切搜索如此那么您的.当然因为方法图片学生今天单位.主要直接一个网络联系.', 0, '2018-08-08 13:45:16');
INSERT INTO `reply` VALUES (17, 57, 17, 64, '功能只是是否方法起来文化她的.本站朋友法律法律.\n日本方法图片质量今年免费感觉.继续作品经验重要城市成功图片.经验已经一下汽车.\n最大参加之间记者详细不能.看到这是的是.无法发生阅读开始说明主要.', 1, '2018-08-08 13:45:16');
INSERT INTO `reply` VALUES (18, 82, 18, 95, '工具正在关系操作资源感觉正在.电影规定所有任何客户可能教育.\n市场知道以上成为地区情况.软件大小还有之后完成精华要求.的是制作基本使用内容以及地方.', 1, '2018-08-08 13:45:16');
INSERT INTO `reply` VALUES (19, 2, 19, 3, '自己电子完全.电影介绍规定具有进入.地区当然那些以及都是本站.\n系列参加如何威望使用制作文章.或者规定简介学习深圳实现投资.', 1, '2018-08-08 13:45:16');
INSERT INTO `reply` VALUES (20, 50, 20, 38, '情况这么上海用户阅读.人民自己不会成功因为.\n信息分析类别不会可能发生没有其实.次数不要登录经济.生产他们没有人员设备广告.\n地区学校解决只是免费专业增加.那么单位非常.', 0, '2018-08-08 13:45:16');
INSERT INTO `reply` VALUES (21, 85, 21, 22, '科技法律记者活动电脑北京那个.正在数据专业时间地方北京都是.\n以下这种完全一种能够社会.标准投资选择可以只有.说明自己继续参加登录一起今天他的.', 0, '2018-08-08 13:45:16');
INSERT INTO `reply` VALUES (22, 67, 22, 42, '程序学校发布资源投资深圳时候.成功看到回复这种责任工具.成为正在很多任何组织.\n社区发生任何广告这里生活而且直接.两个关系一切这么或者免费帖子选择.标准起来因此所有.来源不要工作发现介绍工具工作.', 0, '2018-08-08 13:45:16');
INSERT INTO `reply` VALUES (23, 37, 23, 2, '出现经营提供认为显示开发.加入在线今年以后上海一种.\n决定空间日本广告只要质量.作品设备欢迎威望.觉得文化同时技术日期.\n制作那些详细业务地区日本发表.之后发现这是部分作者关于.', 1, '2018-08-08 13:45:16');
INSERT INTO `reply` VALUES (24, 80, 24, 84, '那么怎么当然东西加入.日本一下那个解决一般销售.\n以及提高语言品牌我们由于.不同开发问题论坛来自位置作者品牌.\n等级组织东西提供.合作个人精华社区一直功能操作.', 0, '2018-08-08 13:45:16');
INSERT INTO `reply` VALUES (25, 21, 25, 37, '主要情况语言程序不要新闻.任何学校功能.\n起来一般新闻自己.什么详细都是语言.中文孩子威望一次其中.', 0, '2018-08-08 13:45:16');
INSERT INTO `reply` VALUES (26, 96, 26, 40, '能力以上开始精华语言经济浏览.\n时候企业搜索人民通过关系如何虽然.过程国家然后.\n其实广告回复不是方式国内其中成功.次数浏览过程最大是一地址运行.她的女人制作管理最大所以加入.', 1, '2018-08-08 13:45:16');
INSERT INTO `reply` VALUES (27, 87, 27, 83, '数据加入人民成为只要城市.只要那个这种他的工具文章发布用户.\n客户成为日期.搜索一点一样安全发布选择.美国其实只是中国感觉帮助文章.', 0, '2018-08-08 13:45:16');
INSERT INTO `reply` VALUES (28, 91, 28, 82, '成功密码当然一样社会这种是否查看.经济支持计划来源浏览这是开发查看.新闻很多科技进行.\n介绍手机制作地址表示过程我的.比较这么重要以及电影出来直接.主题当然作品女人这样.', 0, '2018-08-08 13:45:16');
INSERT INTO `reply` VALUES (29, 97, 29, 59, '关系但是方式语言音乐.电影使用进入说明项目出来.\n发布投资游戏一般帮助.帮助比较事情.社区免费其中信息名称.\n情况特别学校最新还是类型今天这些.以上东西我的国家部门.项目操作个人内容.', 1, '2018-08-08 13:45:16');
INSERT INTO `reply` VALUES (30, 1, 30, 27, '所有以上成为希望方面.标题两个一次城市你们.\n查看还有一切的人由于.发表更多次数操作帮助项目.\n回复你的销售学校而且开始经济.虽然日期程序之间.', 0, '2018-08-08 13:45:16');
INSERT INTO `reply` VALUES (31, 86, 31, 90, '程序密码其实朋友各种推荐.国内位置这样感觉建设.\n不断经济虽然这些都是.阅读公司美国解决名称.的人没有决定信息或者.\n销售因为专业如何来源是一.帮助对于国际这些.', 1, '2018-08-08 13:45:16');
INSERT INTO `reply` VALUES (32, 64, 32, 72, '方面回复相关这么不过.科技标题所有谢谢推荐孩子.\n业务进入发布系统品牌销售一切.所有主题更新地方如果.\n说明各种评论学习部分各种.点击联系语言有限.结果相关增加进行教育是一.', 0, '2018-08-08 13:45:16');
INSERT INTO `reply` VALUES (33, 16, 33, 87, '觉得已经业务下载.网络经济内容功能.\n文件电话对于深圳经验中文来源.北京主要最新自己使用.企业同时建设.方式参加这个影响需要.', 0, '2018-08-08 13:45:16');
INSERT INTO `reply` VALUES (34, 52, 34, 19, '数据日本出来登录男人等级.开发不能行业活动任何完成.业务决定产品以上市场.\n标准文章重要觉得自己其他.城市留言制作联系地方欢迎电话.论坛解决游戏文件.', 1, '2018-08-08 13:45:16');
INSERT INTO `reply` VALUES (35, 28, 35, 45, '作品公司单位决定无法一次位置.那么情况起来进入方法设备完成.有关更多出现国内.表示会员不会.\n成为方面由于.程序网站今年所有今年.具有威望搜索已经其他一下.', 1, '2018-08-08 13:45:16');
INSERT INTO `reply` VALUES (36, 73, 36, 11, '之间目前都是不过.\n建设无法可能关于评论.关于正在增加信息.政府不能原因建设.\n看到怎么服务阅读.大家显示发布社会价格.进行制作经验质量那些.', 1, '2018-08-08 13:45:16');
INSERT INTO `reply` VALUES (37, 33, 37, 48, '管理价格论坛所以作为进入.查看研究科技详细发表还是一切积分.全国完全销售不断成为.\n或者而且新闻主题今天所以没有国内.', 1, '2018-08-08 13:45:16');
INSERT INTO `reply` VALUES (38, 65, 38, 8, '全部下载时间位置.文化一切一个加入继续方法.主题来源汽车主要.有关国家各种资源.\n一下进行到了本站资源必须.如何其他因此或者汽车任何.对于系列教育活动我们方面注意是否.\n其实的是还有如何北京.', 0, '2018-08-08 13:45:16');
INSERT INTO `reply` VALUES (39, 55, 39, 77, '朋友最新来源然后资源计划一般.谢谢的话网上操作时候还是可是.\n如此这样地址个人.市场完全能够学习.\n销售朋友类别留言选择.还是个人详细.', 1, '2018-08-08 13:45:16');
INSERT INTO `reply` VALUES (40, 11, 40, 54, '分析历史资料.网上规定我们.这里更多来源使用.查看新闻选择系列准备.\n来源地方需要起来这样直接.学校方式之后质量一直.\n地方已经政府法律其他上海市场.只是社区计划标题结果更新.', 1, '2018-08-08 13:45:16');
INSERT INTO `reply` VALUES (41, 26, 41, 91, '就是客户信息推荐一般还是.内容科技以后影响感觉控制.根据国际类型使用时间记者那么.\n今年方式生活系统内容虽然方面.提供已经精华研究威望决定业务.个人推荐最新的是.', 1, '2018-08-08 13:45:16');
INSERT INTO `reply` VALUES (42, 88, 42, 46, '世界得到网络生产.开发发表科技的是学校积分一点.你们问题北京.\n这样留言现在生产一般类型.组织相关回复说明说明他们作为参加.可能质量中心主题为什然后.', 1, '2018-08-08 13:45:16');
INSERT INTO `reply` VALUES (43, 66, 43, 94, '包括要求这样位置次数经验文化.支持报告因此生产系列.\n以下制作不要部分.\n男人市场发生环境任何方式.拥有这些发布基本市场在线北京活动.', 1, '2018-08-08 13:45:16');
INSERT INTO `reply` VALUES (44, 98, 44, 56, '您的对于组织一点登录本站.不是应该但是法律应用.有限销售显示各种这样说明认为.\n责任事情如此通过商品你的.还是非常不同显示技术那些数据.以后这是自己部门开始世界.为了支持当然所有作者是否不是.', 0, '2018-08-08 13:45:16');
INSERT INTO `reply` VALUES (45, 35, 45, 76, '部门时间推荐人员.处理重要谢谢开始.\n增加要求有关虽然更新.需要您的投资.\n地区时间简介一切已经部门以后计划.资料一般如果国家.\n以下日本标题谢谢状态.为了客户两个标准记者时候特别.', 0, '2018-08-08 13:45:16');
INSERT INTO `reply` VALUES (46, 84, 46, 60, '企业得到规定浏览一般积分.女人控制自己决定.\n关于事情服务什么位置不过.基本女人阅读这里.自己内容经营工程.\n类型浏览提高记者服务不要管理积分.全国相关显示投资.技术不是怎么责任的人评论.', 0, '2018-08-08 13:45:16');
INSERT INTO `reply` VALUES (47, 77, 47, 80, '那个北京内容已经发展.中国只有研究同时直接.\n无法继续日本世界经营.比较可是您的论坛.具有一定新闻时候具有男人.\n不能包括一般生产就是评论.只要点击这样电影不断回复登录.', 0, '2018-08-08 13:45:16');
INSERT INTO `reply` VALUES (48, 45, 48, 25, '的话商品我们不要还是语言游戏可是.\n一次部分人民比较最后各种.需要过程但是今天.\n支持地方知道电影.来自完全免费.新闻增加深圳回复.\n注册帮助介绍.', 0, '2018-08-08 13:45:16');
INSERT INTO `reply` VALUES (49, 39, 49, 98, '不会信息电脑公司这个表示.一种政府能够东西可是一次.\n设计免费一下提高.发展网上单位名称.这么活动然后一般直接回复评论这个.\n拥有浏览是否发表等级.网站的人出现.\n出来这个不要他们方式.', 0, '2018-08-08 13:45:16');
INSERT INTO `reply` VALUES (50, 92, 50, 89, '您的帖子操作正在一起研究信息.\n类别简介之后注意不断文件大家.环境资料出现一切科技处理朋友中文.发布积分女人成功觉得这些具有自己.参加成功支持行业拥有都是.', 1, '2018-08-08 13:45:16');
INSERT INTO `reply` VALUES (51, 47, 51, 93, '详细空间政府电话.结果名称一种最后作品时候.\n建设发生两个帖子搜索.为了说明很多可能工具.位置更多运行密码活动而且论坛.只是介绍决定根据主题市场.', 1, '2018-08-08 13:45:16');
INSERT INTO `reply` VALUES (52, 6, 52, 52, '我的有限什么.你的提供任何政府文件只是人民.\n音乐历史回复以下.技术方式在线学校会员标准.\n中文密码情况不会时间使用全国.制作只有生活他们产品.\n解决历史还是更新状态阅读作者.深圳主要社会但是应该.', 1, '2018-08-08 13:45:16');
INSERT INTO `reply` VALUES (53, 22, 53, 58, '是否他的人民.关系显示本站自己操作.或者计划人员可能是否.\n制作网站重要资源深圳所以.是一这是必须操作没有一般.\n这里现在不会应用.希望出来控制社会这种.', 0, '2018-08-08 13:45:16');
INSERT INTO `reply` VALUES (54, 8, 54, 63, '一些她的情况还是包括那个.到了无法当前销售.\n自己威望学生时候作为.可是经济特别企业资源推荐一些更新.\n技术设备工程免费谢谢.系列客户主题系列知道.资源这种文件认为.', 1, '2018-08-08 13:45:16');
INSERT INTO `reply` VALUES (55, 94, 55, 17, '那么组织最新广告电影觉得完成.电脑免费日期知道支持发表你们.\n文化拥有记者内容等级.进行当前之后电话准备.无法学校的是威望这样.准备男人很多一般参加控制图片.', 0, '2018-08-08 13:45:16');
INSERT INTO `reply` VALUES (56, 25, 56, 49, '建设科技市场男人上海你的社会.\n重要北京我的查看.当前地区销售.不过说明日本今年政府功能你的解决.不同生活提高支持你们具有喜欢还有.', 0, '2018-08-08 13:45:16');
INSERT INTO `reply` VALUES (57, 10, 57, 35, '如果上海标题.一个一个密码原因.在线有关电影全部直接公司.\n文件类型在线您的非常实现发表.经验根据的话如何.\n使用解决本站业务实现成为活动.经营一定那些内容.提供对于无法最新以下.', 0, '2018-08-08 13:45:16');
INSERT INTO `reply` VALUES (58, 70, 58, 12, '完成都是包括中文.评论免费以上这里中心现在已经.计划不会工作不同学生政府项目地区.\n信息政府空间控制通过看到.单位大小操作只有标准电话.\n网上方法环境.手机安全如何学校欢迎一点.', 1, '2018-08-08 13:45:16');
INSERT INTO `reply` VALUES (59, 54, 59, 47, '品牌时候电子以上.来自发现经营对于现在一起.\n简介教育决定.之后根据决定可能帖子发生不断.\n那个支持制作没有.能力建设这个应该.网上而且行业阅读应该所有.', 0, '2018-08-08 13:45:16');
INSERT INTO `reply` VALUES (60, 24, 60, 23, '服务主题这是网上.处理那个东西东西.\n只有单位来源完成.阅读中心中国不会其他研究.\n成功的是来源自己你的.世界发生一般.那么表示我们通过成为看到各种.', 0, '2018-08-08 13:45:16');
INSERT INTO `reply` VALUES (61, 18, 61, 15, '两个空间只是的人如果支持成为.地方所以产品主题应用主题感觉.不断阅读大学不断.\n电话类型内容可是软件.女人安全注册管理.提高分析不同首页分析标题您的程序.之间最后标题作者感觉如果主要.', 1, '2018-08-08 13:45:16');
INSERT INTO `reply` VALUES (62, 7, 62, 66, '部门如此进行标准进入她的深圳.发生部门论坛当前.\n生活最后作为科技.积分得到根据品牌主题工程.积分人民拥有就是使用行业今天.\n过程加入功能会员文化中心正在.控制控制专业下载.起来不断加入一定合作.', 1, '2018-08-08 13:45:16');
INSERT INTO `reply` VALUES (63, 38, 63, 88, '免费音乐这是应该.客户应用资源.如果环境发表不断结果.不过教育你们最后有些空间所以以后.\n起来设计准备事情.环境手机虽然网络文件一般.\n包括以上为什合作提高提供对于标题.内容能够控制以下.', 0, '2018-08-08 13:45:16');
INSERT INTO `reply` VALUES (64, 12, 64, 68, '原因任何经济行业积分阅读来自.主题责任点击论坛原因是否.帖子日本详细具有成为工程.学习网上可能有些决定东西电脑.\n回复原因过程学校有限或者一起.\n大小浏览成为进行处理.产品城市主题进行规定世界帖子.', 1, '2018-08-08 13:45:16');
INSERT INTO `reply` VALUES (65, 51, 65, 29, '出来能够空间因为服务.\n一直学校价格之间.\n更多还有工具因此一切也是.公司联系更多决定管理学生生产.同时部分到了自己汽车.', 1, '2018-08-08 13:45:16');
INSERT INTO `reply` VALUES (66, 30, 66, 92, '建设首页等级说明开始其他.国家行业看到计划.美国看到主题提供.学生这个一下谢谢.\n大小历史公司有限论坛基本.\n两个网上这里的是大学这个.能够他的系列相关拥有.', 1, '2018-08-08 13:45:16');
INSERT INTO `reply` VALUES (67, 74, 67, 28, '您的我的什么.公司人员品牌政府需要公司.\n文章同时问题免费.也是关系发表全国.\n汽车加入帮助大学开发一下历史.通过通过这样但是人民.\n专业数据直接网络这么客户本站问题.一次内容帖子是一所以社区.', 1, '2018-08-08 13:45:16');
INSERT INTO `reply` VALUES (68, 99, 68, 32, '国家设计知道重要企业系统.然后您的更新包括重要音乐.\n所有为了中文资源其实留言一起.谢谢最大国际介绍怎么.最大作品很多大家.\n包括安全状态一次.联系具有所以更新.', 1, '2018-08-08 13:45:16');
INSERT INTO `reply` VALUES (69, 93, 69, 55, '大学新闻原因没有女人一直产品.资料比较目前方面来自.\n可是当然一般就是到了回复.看到之间处理发布生产注册名称.精华有些可是有关单位最后.会员其他就是拥有加入提高到了.', 0, '2018-08-08 13:45:16');
INSERT INTO `reply` VALUES (70, 41, 70, 57, '可是工作中心本站.还是原因开发.\n成功发布控制深圳.\n他的全国运行业务回复认为.社区包括标题拥有.地方经验积分所以历史.', 1, '2018-08-08 13:45:16');
INSERT INTO `reply` VALUES (71, 27, 71, 24, '而且教育电子完全地方.就是生产一些最后没有社会.\n生活一定服务感觉非常提供现在那么.\n这里能够回复空间资源论坛一个.但是拥有注意.网站如果以下以后日本.', 1, '2018-08-08 13:45:16');
INSERT INTO `reply` VALUES (72, 83, 72, 33, '运行不断完全正在以及.\n女人社区学校法律.简介行业其实状态环境下载.\n经验基本部分为了密码作为是一.质量运行名称进入特别.进入非常是否没有必须留言很多现在.', 1, '2018-08-08 13:45:16');
INSERT INTO `reply` VALUES (73, 9, 73, 69, '这样来源情况那些一些.开始根据图片资料准备只要今天那么.\n法律简介是一客户选择经营内容.关于原因不要软件.\n推荐其实任何电话城市.深圳正在产品任何这里威望两个.', 1, '2018-08-08 13:45:16');
INSERT INTO `reply` VALUES (74, 76, 74, 99, '部门管理由于电话的是.其中提供具有经济你的本站.生产用户文化积分标题只要这么.公司我们标题中国.\n经验简介软件什么电子是否所以.电影您的技术国内.', 0, '2018-08-08 13:45:16');
INSERT INTO `reply` VALUES (75, 14, 75, 50, '不断不要论坛原因.看到电脑可是.状态电影其他管理重要.\n文化发表自己国际帖子标题那么成功.社区感觉进入单位欢迎.是否市场虽然男人开发朋友.\n为什地区任何浏览电子直接.技术业务感觉那么之间.', 0, '2018-08-08 13:45:16');
INSERT INTO `reply` VALUES (76, 75, 76, 18, '特别内容很多准备.公司原因工具电脑空间.基本电影要求女人他的广告当前阅读.一定广告汽车回复语言.\n可是控制威望评论阅读教育不断报告.一般还有今年如果相关日期联系.', 1, '2018-08-08 13:45:16');
INSERT INTO `reply` VALUES (77, 49, 77, 61, '一个重要过程设计.\n直接现在地区基本什么专业.\n以上实现不过留言.可能不要不要今天活动发表.其他简介开发控制帖子.\n全部一个一个人民方法项目因为以及.\n搜索学习所有根据标准女人美国.经济企业经验.', 1, '2018-08-08 13:45:16');
INSERT INTO `reply` VALUES (78, 69, 78, 86, '免费首页喜欢以及一起为什而且.有关产品系统人民汽车的是选择.当前孩子全国管理浏览得到学校.\n规定关系在线她的资料.可是生产公司软件比较美国.\n关系法律中国生产到了下载.帖子感觉以后解决.', 1, '2018-08-08 13:45:16');
INSERT INTO `reply` VALUES (79, 3, 79, 73, '会员语言需要发现起来.登录以下资源.有关可以能够组织解决城市增加.一些国际不要事情一下都是.\n科技正在她的浏览专业.表示喜欢得到感觉来自安全电脑查看.人员完成用户本站而且帖子.', 0, '2018-08-08 13:45:16');
INSERT INTO `reply` VALUES (80, 32, 80, 71, '品牌以及开始空间因为部分我们.教育会员必须朋友完成处理品牌更新.什么完全现在的人程序发布.之后现在经营工具资料广告.\n经营您的有些应用数据更多首页.知道一下一点.\n类型世界进入部门研究但是由于.', 0, '2018-08-08 13:45:16');
INSERT INTO `reply` VALUES (81, 72, 81, 51, '合作评论电脑名称更多游戏.\n免费生活经营发生免费服务今天.\n其他无法操作.网络提供设备电话地区客户.更新经验能力欢迎日本信息.\n发布这样提高学习登录中心.', 1, '2018-08-08 13:45:16');
INSERT INTO `reply` VALUES (82, 71, 82, 6, '工程阅读系统为什.相关具有都是只要组织他们现在.欢迎各种只要人员.\n教育目前法律手机.方式计划文件不会浏览.登录文化这种组织数据.', 0, '2018-08-08 13:45:16');
INSERT INTO `reply` VALUES (83, 5, 83, 44, '部门需要阅读电话一些次数.销售的是继续威望记者积分其实欢迎.\n问题日本教育程序由于情况以下今天.推荐介绍作品责任当然大小全部或者.这里通过国际成功而且不会.\n作为不能不同以后看到全部业务.', 0, '2018-08-08 13:45:16');
INSERT INTO `reply` VALUES (84, 15, 84, 10, '事情发展人民出来只有以及.上海成为提高.资源分析显示成为一点.\n社会手机的人最后现在.\n公司最后密码时间包括问题科技.这是组织公司更新处理结果.的是研究希望网上客户怎么最后.', 0, '2018-08-08 13:45:16');
INSERT INTO `reply` VALUES (85, 20, 85, 13, '图片包括时候同时出来评论最新.说明合作部分阅读.\n以及东西没有比较学习发展.报告美国数据.认为方法资源各种准备那些不同.\n最后图片学习电话名称还有加入.', 0, '2018-08-08 13:45:16');
INSERT INTO `reply` VALUES (86, 13, 86, 74, '这是只是中国对于.要求我的政府.\n一切注册产品认为资源.以后环境很多今年次数.都是只要学习东西经验以后.\n内容空间资料设计操作投资.登录重要类别网上使用工作看到.投资帮助学习喜欢.', 0, '2018-08-08 13:45:16');
INSERT INTO `reply` VALUES (87, 43, 87, 9, '最新上海企业选择他们情况.投资注册谢谢登录希望之间根据.\n很多制作功能密码可是需要都是.你们功能专业如何.详细相关历史主题控制出现操作已经.\n主要网站还是决定.地方标准程序提高.', 0, '2018-08-08 13:45:16');
INSERT INTO `reply` VALUES (88, 60, 88, 30, '其实位置搜索联系.主题市场设计时间当然如何.那些一定那些决定生产一点.\n发现东西女人那些所有使用当前.空间不能影响来源.威望帖子点击你们.\n进入行业如果.', 1, '2018-08-08 13:45:16');
INSERT INTO `reply` VALUES (89, 53, 89, 34, '关于男人其他.次数可是正在帖子你的以及上海.不会出来孩子最大.\n客户加入一个的是类型事情.回复积分基本增加.标题一点其实我的其他.\n一起发生联系参加经验.她的投资关系精华位置专业.图片问题上海首页.', 0, '2018-08-08 13:45:16');
INSERT INTO `reply` VALUES (90, 42, 90, 78, '选择孩子数据地址音乐搜索主题.\n规定起来资源类型不能公司.注册由于正在一下非常工程.地区的是起来次数生活以及.\n知道一个部门谢谢看到法律.直接他的同时.\n中心设备各种手机资源专业.继续为了资源.', 1, '2018-08-08 13:45:16');
INSERT INTO `reply` VALUES (91, 48, 91, 16, '出来一样注意完成更多控制商品.电话希望简介以后.\n介绍品牌包括一定不能日本一起.操作感觉直接计划城市.\n所以企业有限之间行业.任何方面国内最大东西网上.\n欢迎完成关于作者日本.只要他的社区不过看到.', 0, '2018-08-08 13:45:16');
INSERT INTO `reply` VALUES (92, 31, 92, 1, '中文发表主要系列.\n或者美国原因学习人民.只是日期还有.经验一种计划学生登录.\n历史积分学校到了事情或者.为了之间全部那个非常.\n而且为了要求以及准备女人.文化学校感觉成功.', 0, '2018-08-08 13:45:16');
INSERT INTO `reply` VALUES (93, 46, 93, 39, '为了生产功能已经正在计划.方式记者可是.\n完成只是最后技术空间历史.积分看到一个等级责任建设非常.\n的人一下表示行业空间电脑网络.的话威望公司发表今年.', 0, '2018-08-08 13:45:16');
INSERT INTO `reply` VALUES (94, 40, 94, 62, '北京起来资源分析谢谢位置开发.是否控制学习方式.其中现在今天增加完成.\n要求虽然部门我们.个人社区经营.起来直接通过目前.\n数据国际控制类型电子.解决今年最后系列报告.', 0, '2018-08-08 13:45:16');
INSERT INTO `reply` VALUES (95, 63, 95, 96, '之间由于分析.一般对于类型城市.完成可以其中研究地区.\n包括很多详细网站都是其他规定.同时网络的话影响一起以后设备一个.汽车作为电话关于.因为以后知道应用记者来源.', 0, '2018-08-08 13:45:16');
INSERT INTO `reply` VALUES (96, 19, 96, 5, '得到计划一次今年汽车.广告她的起来公司文件.客户起来发生销售文化联系法律.\n经验以及深圳有限.结果因为不能进入女人.可能发生质量因为.', 1, '2018-08-08 13:45:16');
INSERT INTO `reply` VALUES (97, 90, 97, 79, '决定环境新闻.他们直接发布标题.出来更新全部准备今年控制过程.\n管理生活能够当前这是行业.得到怎么日本生产一种生产.\n可是地区位置谢谢全国.地区历史可能详细.相关虽然完成关于.', 1, '2018-08-08 13:45:16');
INSERT INTO `reply` VALUES (98, 58, 98, 65, '日期工具网上所以这是而且文章控制.经营以及公司详细.\n人民生产商品国家查看报告或者.方面过程方法一种.等级如此工具时候我的.文化的人我的为什空间.', 0, '2018-08-08 13:45:16');
INSERT INTO `reply` VALUES (99, 36, 99, 41, '工程类型下载只要中国部门发表.之间以下都是注意以上提高.\n精华支持品牌如果不是安全网站.什么为了经营处理.一下任何还是时间继续全国只要.\n不要他的现在.他的学习软件.', 0, '2018-08-08 13:45:16');

-- ----------------------------
-- Table structure for tags
-- ----------------------------
DROP TABLE IF EXISTS `tags`;
CREATE TABLE `tags`  (
  `tagId` int(11) NOT NULL AUTO_INCREMENT,
  `name` varchar(50) CHARACTER SET utf8 COLLATE utf8_general_ci NULL DEFAULT NULL,
  `isDel` int(11) NOT NULL DEFAULT 0,
  PRIMARY KEY USING BTREE (`tagId`)
) ENGINE = InnoDB AUTO_INCREMENT = 18 CHARACTER SET = utf8 COLLATE = utf8_general_ci ROW_FORMAT = Compact;

-- ----------------------------
-- Records of tags
-- ----------------------------
INSERT INTO `tags` VALUES (1, '宅', 0);
INSERT INTO `tags` VALUES (2, '萌', 0);
INSERT INTO `tags` VALUES (3, '笑脸男', 0);
INSERT INTO `tags` VALUES (4, '只有绅士知道的世界', 0);
INSERT INTO `tags` VALUES (5, '声优', 0);
INSERT INTO `tags` VALUES (6, 'Cosplay', 0);
INSERT INTO `tags` VALUES (7, 'LOVE LIVE！', 0);
INSERT INTO `tags` VALUES (8, '新漫速递', 0);
INSERT INTO `tags` VALUES (9, '动画放送', 0);
INSERT INTO `tags` VALUES (10, '海贼王', 0);
INSERT INTO `tags` VALUES (11, '舰队Collection/舰队收藏', 0);
INSERT INTO `tags` VALUES (12, '火影忍者', 0);
INSERT INTO `tags` VALUES (13, '腐', 0);
INSERT INTO `tags` VALUES (14, '进击的巨人', 0);
INSERT INTO `tags` VALUES (15, '东京喰种/东京食尸鬼', 0);
INSERT INTO `tags` VALUES (16, 'PIXIV', 0);
INSERT INTO `tags` VALUES (17, '名侦探柯南', 0);

-- ----------------------------
-- Table structure for type
-- ----------------------------
DROP TABLE IF EXISTS `type`;
CREATE TABLE `type`  (
  `tid` int(11) NOT NULL AUTO_INCREMENT,
  `tname` varchar(50) CHARACTER SET utf8 COLLATE utf8_general_ci NULL DEFAULT NULL,
  `isDel` int(11) NOT NULL DEFAULT 0,
  PRIMARY KEY USING BTREE (`tid`)
) ENGINE = InnoDB AUTO_INCREMENT = 9 CHARACTER SET = utf8 COLLATE = utf8_general_ci ROW_FORMAT = Compact;

-- ----------------------------
-- Records of type
-- ----------------------------
INSERT INTO `type` VALUES (1, '动画', 0);
INSERT INTO `type` VALUES (2, '音乐', 0);
INSERT INTO `type` VALUES (3, '游戏', 0);
INSERT INTO `type` VALUES (4, '声优', 0);
INSERT INTO `type` VALUES (5, '漫画', 0);
INSERT INTO `type` VALUES (6, '杂志', 0);
INSERT INTO `type` VALUES (7, '周边', 0);
INSERT INTO `type` VALUES (8, '杂谈', 0);

-- ----------------------------
-- Table structure for user
-- ----------------------------
DROP TABLE IF EXISTS `user`;
CREATE TABLE `user`  (
  `uid` int(11) NOT NULL AUTO_INCREMENT,
  `username` varchar(20) CHARACTER SET utf8 COLLATE utf8_general_ci NULL DEFAULT NULL,
  `password` varchar(100) CHARACTER SET utf8 COLLATE utf8_general_ci NULL DEFAULT NULL,
  `phone` varchar(255) CHARACTER SET utf8 COLLATE utf8_general_ci NULL DEFAULT NULL,
  `email` varchar(50) CHARACTER SET utf8 COLLATE utf8_general_ci NULL DEFAULT NULL,
  `isDel` int(11) NOT NULL DEFAULT 0,
  `sex` varchar(10) CHARACTER SET utf8 COLLATE utf8_general_ci NULL DEFAULT NULL,
  `headImg` varchar(255) CHARACTER SET utf8 COLLATE utf8_general_ci NULL DEFAULT NULL,
  `regTime` timestamp NOT NULL DEFAULT '0000-00-00 00:00:00',
  `age` int(11) NULL DEFAULT NULL,
  `time` timestamp NOT NULL DEFAULT CURRENT_TIMESTAMP ON UPDATE CURRENT_TIMESTAMP,
  `ip` varchar(32) CHARACTER SET utf8 COLLATE utf8_general_ci NULL DEFAULT NULL,
  PRIMARY KEY USING BTREE (`uid`)
) ENGINE = InnoDB AUTO_INCREMENT = 100 CHARACTER SET = utf8 COLLATE = utf8_general_ci ROW_FORMAT = Compact;

-- ----------------------------
-- Records of user
-- ----------------------------
INSERT INTO `user` VALUES (1, '咸强', 'REHN0940759190518', '15146940130', 'mzheng@yahoo.com', 0, '女', 'HJUW6070773489551.jpg', '2017-07-29 11:52:21', 27, '2017-10-25 00:01:04', '88.134.104.86');
INSERT INTO `user` VALUES (2, '祁玉华', 'YZMG5714639613188', '15202383397', 'zcai@shao.cn', 0, '女', 'QJJR6935702231004.jpg', '2017-01-08 16:03:11', 21, '0000-00-00 00:00:00', '216.123.139.44');
INSERT INTO `user` VALUES (3, '汤娜', 'FWQY8955790301743', '15350295244', 'wenxia@huang.cn', 0, '女', 'CMWR6713469057978.jpg', '2016-09-22 12:57:59', 22, '2016-05-01 05:46:56', '229.22.59.203');
INSERT INTO `user` VALUES (4, '许秀兰', 'QMMG5821530678967', '13547332430', 'fang30@du.com', 0, '男', 'UVNY6902364971411.jpg', '2018-08-26 18:53:30', 42, '2017-07-15 01:50:16', '73.147.252.68');
INSERT INTO `user` VALUES (5, '阮平', 'YMDH3251197718695', '18947199636', 'taoxiang@yahoo.com', 1, '女', 'PUHC1321351245632.jpg', '2017-06-17 06:20:22', 41, '2018-08-12 17:35:43', '237.3.121.154');
INSERT INTO `user` VALUES (6, '寇萍', 'HNQA7499824592388', '14539713089', 'zdai@sun.com', 0, '女', 'OYDU9526613909835.jpg', '2018-06-02 19:54:10', 29, '2018-03-18 10:12:17', '182.2.165.0');
INSERT INTO `user` VALUES (7, '郎阳', 'AOLQ5196501879172', '13344382712', 'xiuyinggong@shen.com', 1, '男', 'UIBA5772566627727.jpg', '2016-11-10 09:42:39', 50, '2018-12-16 22:49:06', '45.84.250.152');
INSERT INTO `user` VALUES (8, '仉佳', 'SLTY6169782743688', '15368775343', 'luqiang@tao.com', 0, '男', 'QUGF5439618459475.jpg', '2016-09-10 20:43:27', 54, '2017-07-04 15:47:55', '139.181.72.30');
INSERT INTO `user` VALUES (9, '万璐', 'RGBK5048087470790', '18698662726', 'minhuang@gmail.com', 0, '女', 'ZSHN2680625502056.jpg', '2018-03-06 15:37:09', 56, '2018-10-13 20:01:53', '214.142.139.216');
INSERT INTO `user` VALUES (10, '梁龙', 'KCNE9092463561336', '18766215693', 'xiulanlin@hotmail.com', 1, '男', 'DUBS5623333495512.jpg', '2017-05-30 16:34:45', 13, '2017-03-06 11:22:11', '75.125.153.60');
INSERT INTO `user` VALUES (11, '弓玉兰', 'MSBY2042382796485', '14598966717', 'tao47@ma.cn', 1, '女', 'VCBO1194454942857.jpg', '2018-02-26 07:47:13', 14, '2017-04-25 14:46:13', '148.91.153.201');
INSERT INTO `user` VALUES (12, '井丽娟', 'JUFA3882559184585', '13414137226', 'xiulan62@yahoo.com', 1, '女', 'ZVHW5348722003740.jpg', '2016-12-18 00:48:31', 38, '2016-12-13 03:54:46', '109.231.217.43');
INSERT INTO `user` VALUES (13, '羊秀兰', 'YYMC0090853758607', '18238824690', 'leiqian@gmail.com', 0, '女', 'DPCZ8239861201035.jpg', '2016-02-01 22:49:02', 57, '2017-02-27 17:38:51', '4.226.205.22');
INSERT INTO `user` VALUES (14, '沃畅', 'PHYD8968673606085', '13704217843', 'juan33@gmail.com', 0, '男', 'AXYF7824182688611.jpg', '2017-12-20 01:21:37', 15, '2016-08-28 14:25:34', '196.135.169.209');
INSERT INTO `user` VALUES (15, '宁欢', 'PVWB8546793064637', '13689764382', 'lei58@qin.org', 1, '男', 'LHAV1087037150177.jpg', '2016-05-12 05:49:22', 35, '2018-10-09 14:12:47', '125.114.19.42');
INSERT INTO `user` VALUES (16, '石东', 'JPDL4656972685214', '13850357252', 'yinping@zeng.cn', 0, '男', 'EQTG2917413350143.jpg', '2016-02-01 05:33:12', 11, '2018-01-30 00:15:01', '137.32.81.170');
INSERT INTO `user` VALUES (17, '顾洁', 'FFPP7635553897822', '15700213576', 'jxiang@hotmail.com', 0, '女', 'QEND8864199248701.jpg', '2018-08-04 11:42:26', 43, '2017-09-14 10:44:47', '54.254.130.151');
INSERT INTO `user` VALUES (18, '高娜', 'ENIU7430333011225', '18788527680', 'weishi@fu.cn', 0, '男', 'RPUW7791977092430.jpg', '2016-06-15 00:13:18', 44, '2018-06-18 16:28:36', '209.57.5.24');
INSERT INTO `user` VALUES (19, '娄静', 'BAYE1296517503545', '14584474539', 'jxia@pan.com', 0, '男', 'REEQ9066465414260.jpg', '2016-10-03 22:09:29', 26, '2017-06-03 15:32:40', '128.92.96.122');
INSERT INTO `user` VALUES (20, '祖琴', 'ZKPX1371686926961', '18618792018', 'edu@gmail.com', 0, '男', 'BFCV4658822446680.jpg', '2017-12-25 05:11:44', 48, '2018-05-22 10:49:19', '68.102.73.204');
INSERT INTO `user` VALUES (21, '西雪梅', 'UTVH3172621900939', '13190381016', 'nagao@gmail.com', 0, '男', 'KCXI8941497840032.jpg', '2018-01-27 01:50:30', 35, '2017-01-12 12:10:49', '82.70.184.212');
INSERT INTO `user` VALUES (22, '容峰', 'OBLF0078867325024', '13366716121', 'jingqian@li.cn', 0, '女', 'QTUH5246410069272.jpg', '2016-08-22 19:30:31', 48, '2017-07-08 17:10:57', '75.228.165.70');
INSERT INTO `user` VALUES (23, '东鹏', 'VXLD6847013006986', '14564919984', 'qiangxie@gmail.com', 0, '男', 'KYVU4855313431648.jpg', '2018-08-22 08:09:40', 26, '2017-01-09 07:59:12', '15.5.128.65');
INSERT INTO `user` VALUES (24, '廖瑜', 'HEUR1892471077481', '18986750380', 'jiangjuan@peng.org', 1, '男', 'UHNN1105549098413.jpg', '2017-03-18 01:01:02', 45, '2016-10-14 11:51:00', '173.155.90.99');
INSERT INTO `user` VALUES (25, '栾平', 'WJZK8782527348613', '15288566318', 'weidai@wang.com', 1, '女', 'ESEV8227008786176.jpg', '2017-03-24 03:17:07', 58, '2017-01-20 09:49:15', '218.71.22.206');
INSERT INTO `user` VALUES (26, '韩洁', 'EHNL1376907005257', '18186088742', 'qiang63@lu.cn', 1, '男', 'VBTV8749858159111.jpg', '2017-04-09 14:24:58', 51, '2016-01-07 04:30:58', '60.202.49.154');
INSERT INTO `user` VALUES (27, '龙彬', 'OPAP5238575623459', '15578465981', 'jing76@ma.com', 1, '男', 'FXAX7092081782095.jpg', '2016-06-29 02:00:27', 17, '2018-06-09 04:08:24', '255.185.190.202');
INSERT INTO `user` VALUES (28, '羊畅', 'SXKS8184193629921', '13280044157', 'xiuying04@jia.cn', 0, '男', 'XOFI5344700094363.jpg', '2017-02-21 09:10:15', 13, '2016-07-02 03:00:29', '248.188.53.69');
INSERT INTO `user` VALUES (29, '何桂芳', 'JTBX2992133100579', '14501917210', 'rdeng@gmail.com', 1, '男', 'XHMD7091805518921.jpg', '2017-08-27 23:06:52', 11, '2016-02-09 22:53:05', '222.200.163.253');
INSERT INTO `user` VALUES (30, '谷军', 'BKBJ5044445741860', '18512505538', 'qiangzhu@yahoo.com', 0, '女', 'IUUB8717605075953.jpg', '2018-05-08 18:07:49', 22, '2016-12-18 14:17:12', '129.5.222.74');
INSERT INTO `user` VALUES (31, '简秀云', 'WALR6348811238509', '15027468841', 'fangma@gao.com', 1, '女', 'EVRL0433811162165.jpg', '2017-05-18 10:46:37', 58, '2018-12-28 16:29:51', '48.98.9.97');
INSERT INTO `user` VALUES (32, '国丹', 'BYNY2895915023988', '13589226131', 'changfang@fan.cn', 1, '女', 'STSU5191493720759.jpg', '2017-05-13 22:41:11', 30, '2017-01-10 14:21:48', '178.249.128.178');
INSERT INTO `user` VALUES (33, '池娜', 'QPMR9870084793000', '13439905695', 'junzhu@gmail.com', 0, '男', 'TFGM9835998213232.jpg', '2018-01-08 22:41:22', 54, '2017-08-06 21:10:00', '51.184.218.70');
INSERT INTO `user` VALUES (34, '闻玉梅', 'LUMU8760593785155', '13815816224', 'gwei@gmail.com', 0, '女', 'COJR1017994220548.jpg', '2017-12-24 01:29:10', 14, '2017-04-29 18:54:13', '243.58.161.116');
INSERT INTO `user` VALUES (35, '宦志强', 'RYWQ3438422239406', '13344333851', 'qiang76@feng.com', 1, '男', 'PNZN8662359896055.jpg', '2016-08-12 13:19:44', 21, '2017-04-27 07:27:22', '190.67.164.199');
INSERT INTO `user` VALUES (36, '浦平', 'RVXB7688662692606', '18235398389', 'tao97@hotmail.com', 0, '男', 'RTVT0227619759766.jpg', '2016-10-17 20:26:53', 44, '2016-08-20 15:46:07', '142.147.254.111');
INSERT INTO `user` VALUES (37, '翁淑华', 'HDVO1822566415487', '15640995266', 'liujun@hotmail.com', 0, '女', 'JBIG3288608159561.jpg', '2017-11-13 10:19:09', 43, '2018-03-18 08:51:20', '3.132.142.169');
INSERT INTO `user` VALUES (38, '顾红', 'NKFW0320691915360', '18931636697', 'xiulan50@hotmail.com', 1, '女', 'VLMT1746787095722.jpg', '2017-01-26 14:44:07', 34, '2016-03-17 09:07:56', '128.214.29.112');
INSERT INTO `user` VALUES (39, '姜莹', 'GEHB0624909742035', '18987247596', 'yangcao@lu.net', 1, '男', 'KBMK7892632237397.jpg', '2017-12-20 17:50:25', 11, '2017-07-18 02:47:58', '57.109.49.19');
INSERT INTO `user` VALUES (40, '充俊', 'THVH0300499245238', '13759154393', 'yang69@yahoo.com', 1, '男', 'TGNO3868372360242.jpg', '2016-07-29 22:39:27', 40, '2016-02-07 03:52:30', '136.253.193.166');
INSERT INTO `user` VALUES (41, '姚荣', 'SIXH4858415171891', '13097728282', 'pcao@hotmail.com', 1, '女', 'BPQS4063957968364.jpg', '2017-07-09 05:31:03', 53, '2017-07-30 13:06:16', '10.67.123.63');
INSERT INTO `user` VALUES (42, '柴杰', 'VZTV6974366944721', '13611809793', 'jing14@xue.com', 0, '男', 'BLQG0980673390850.jpg', '2016-01-04 13:05:14', 10, '2017-03-10 17:14:32', '255.61.90.221');
INSERT INTO `user` VALUES (43, '红彬', 'HCMO0697828234301', '15696360093', 'yang79@cao.com', 1, '男', 'DJZC2129051739168.jpg', '2018-07-06 10:09:01', 23, '2017-10-01 01:33:55', '200.22.90.48');
INSERT INTO `user` VALUES (44, '孙浩', 'WENO6621611983991', '14765752516', 'pingliang@gmail.com', 1, '女', 'INHN0563475034886.jpg', '2017-09-21 13:45:00', 32, '2016-10-22 11:30:06', '23.196.34.218');
INSERT INTO `user` VALUES (45, '冀文', 'UEJN5494633183164', '14560006842', 'yong53@yahoo.com', 1, '男', 'EMTI2240525652447.jpg', '2018-08-21 04:45:45', 10, '2018-07-27 13:10:26', '80.222.65.39');
INSERT INTO `user` VALUES (46, '越飞', 'RLQR2797696297331', '18190596074', 'yanchao@qiu.net', 0, '女', 'QUUO7538289523620.jpg', '2018-07-09 05:39:54', 47, '2016-06-18 05:44:50', '229.79.64.57');
INSERT INTO `user` VALUES (47, '关秀芳', 'CXPG9008090600659', '18184993033', 'yan78@gmail.com', 0, '女', 'TZAL3457786380037.jpg', '2017-02-07 17:12:32', 21, '2016-05-09 13:30:38', '173.172.229.249');
INSERT INTO `user` VALUES (48, '郁波', 'YUWT3310832547078', '13192692054', 'yanghu@hotmail.com', 0, '男', 'GKTS8768901134439.jpg', '2017-10-10 12:31:54', 26, '2018-12-24 05:54:06', '154.222.149.217');
INSERT INTO `user` VALUES (49, '简利', 'IZID5758833160428', '14781325927', 'linyong@hotmail.com', 1, '男', 'CXPX9391808959144.jpg', '2016-03-26 01:37:53', 25, '2018-10-06 21:14:42', '204.8.134.114');
INSERT INTO `user` VALUES (50, '和畅', 'EPRJ9812327211493', '13168648826', 'xia08@zheng.org', 0, '女', 'ETEW1858407746001.jpg', '2018-07-11 11:24:32', 59, '2018-10-19 18:37:59', '215.251.233.21');
INSERT INTO `user` VALUES (51, '封柳', 'KGAO1419836080680', '18781209753', 'wenxia@yahoo.com', 0, '女', 'NWPN0332085170328.jpg', '2018-03-29 07:44:22', 23, '2017-03-03 00:58:23', '204.173.29.194');
INSERT INTO `user` VALUES (52, '封玉', 'KGUS9998161369636', '15352915737', 'zliang@gmail.com', 1, '男', 'DRQO0793945622226.jpg', '2017-12-19 17:25:03', 24, '2018-02-07 21:14:55', '223.124.229.218');
INSERT INTO `user` VALUES (53, '劳明', 'YBKM2085056609367', '15115558435', 'yyi@pan.cn', 0, '女', 'COXF8935704449367.jpg', '2016-04-13 05:47:14', 21, '2017-01-27 13:11:49', '54.150.213.56');
INSERT INTO `user` VALUES (54, '伊华', 'AIEK9674392371676', '14549558977', 'hxiong@gmail.com', 0, '男', 'TDXF2035461900699.jpg', '2018-09-13 04:42:24', 45, '2017-05-04 14:10:52', '91.61.179.165');
INSERT INTO `user` VALUES (55, '季成', 'MPSD9474876307990', '14597683971', 'xiulanding@hotmail.com', 0, '女', 'QSRC9463169177979.jpg', '2017-11-21 05:39:03', 11, '2016-11-01 01:50:33', '148.110.233.52');
INSERT INTO `user` VALUES (56, '呼刚', 'RKJI9862353292016', '13454412243', 'ijia@zheng.com', 0, '男', 'TPDE1812828835676.jpg', '2018-11-25 03:33:26', 36, '2016-12-24 10:38:25', '40.86.26.144');
INSERT INTO `user` VALUES (57, '鲁玉梅', 'RGEX5079285237000', '13538339362', 'jieliang@hao.cn', 1, '女', 'CKQG9695316953574.jpg', '2017-02-17 14:35:24', 55, '2018-04-28 18:23:46', '239.160.6.88');
INSERT INTO `user` VALUES (58, '范阳', 'WLVS3341807711700', '15926635096', 'jie36@gmail.com', 1, '男', 'ELGZ5257790568586.jpg', '2016-01-28 12:35:39', 19, '2017-12-25 15:44:44', '165.41.181.165');
INSERT INTO `user` VALUES (59, '充敏', 'HCIF2563347739985', '18166897241', 'yang28@yahoo.com', 1, '女', 'HTPW5790517651622.jpg', '2016-05-16 08:40:28', 30, '2017-07-16 18:08:27', '232.229.98.173');
INSERT INTO `user` VALUES (60, '顾春梅', 'KHQK1337313718211', '13110784979', 'qiang77@gmail.com', 1, '女', 'BOKD0267171757286.jpg', '2018-12-04 13:29:21', 25, '2017-06-06 11:47:28', '81.103.121.236');
INSERT INTO `user` VALUES (61, '凌慧', 'YNXS4434411918198', '14540874221', 'rtan@liu.cn', 1, '男', 'RSZS5706639324590.jpg', '2016-12-21 19:28:07', 38, '2016-09-11 11:43:58', '82.247.67.86');
INSERT INTO `user` VALUES (62, '花娟', 'TEJI9593644444733', '18598014160', 'xiuying49@kong.com', 0, '男', 'PMLS5095006932056.jpg', '2017-09-24 19:41:31', 20, '2016-07-26 21:16:10', '183.220.85.15');
INSERT INTO `user` VALUES (63, '欧海燕', 'BYMI1658259306121', '15364913080', 'guiyingyang@yahoo.com', 0, '男', 'EPIL8622609369813.jpg', '2018-09-27 13:39:23', 30, '2016-12-17 04:17:31', '204.118.236.95');
INSERT INTO `user` VALUES (64, '门金凤', 'WQQK1656269382400', '13111206765', 'xiuyingtan@fu.cn', 1, '女', 'DNEK0489725616648.jpg', '2018-01-27 10:32:08', 14, '2017-05-04 05:20:00', '84.20.65.21');
INSERT INTO `user` VALUES (65, '米金凤', 'ERHT8797689951067', '13650015836', 'tanping@dong.cn', 1, '女', 'MXBV4654231424413.jpg', '2018-05-29 13:32:00', 51, '2018-02-13 12:52:37', '81.255.199.8');
INSERT INTO `user` VALUES (66, '正瑜', 'AKPV8977517458939', '15010683878', 'sugang@hotmail.com', 1, '男', 'QXHH9420810697284.jpg', '2018-10-02 11:34:27', 40, '2018-02-16 11:20:34', '246.85.164.119');
INSERT INTO `user` VALUES (67, '霍淑珍', 'NDNZ1046488534442', '18272042689', 'moping@gmail.com', 1, '男', 'YPGG5188725214949.jpg', '2017-03-01 01:29:48', 13, '2018-12-17 04:42:25', '41.1.64.142');
INSERT INTO `user` VALUES (68, '訾亮', 'CMXL2787820526046', '18972079681', 'duanchao@yahoo.com', 1, '男', 'HWZN2478914730035.jpg', '2018-10-09 19:58:41', 18, '2018-05-25 16:22:20', '196.215.175.198');
INSERT INTO `user` VALUES (69, '乔建华', 'XMFG8124254912011', '15707618780', 'pzhang@hotmail.com', 1, '男', 'CPYH3679430531262.jpg', '2017-10-18 20:27:39', 20, '2018-09-21 12:24:55', '110.188.230.146');
INSERT INTO `user` VALUES (70, '单峰', 'QBGL3517413529455', '15168287614', 'juanguo@yahoo.com', 0, '男', 'RKBD0080113506854.jpg', '2018-12-17 09:06:50', 13, '2018-09-17 22:09:37', '212.103.188.109');
INSERT INTO `user` VALUES (71, '轩芳', 'TVCM5356595361637', '13519305222', 'weixiao@yahoo.com', 0, '男', 'VHPH9170638850867.jpg', '2017-11-22 20:25:14', 53, '2017-07-30 17:25:57', '54.71.59.93');
INSERT INTO `user` VALUES (72, '端海燕', 'ZCWZ1493915497162', '15347892632', 'jingzhou@wen.net', 1, '男', 'SMZF2898754917816.jpg', '2017-11-06 20:42:12', 18, '0000-00-00 00:00:00', '117.250.132.56');
INSERT INTO `user` VALUES (73, '曾秀梅', 'SICE9261750634028', '15063774681', 'luomin@yahoo.com', 0, '女', 'IEEM1731801239053.jpg', '2016-03-22 00:25:49', 35, '2018-02-19 10:13:19', '88.22.77.235');
INSERT INTO `user` VALUES (74, '鄂桂兰', 'AKFH2584888343338', '15593507729', 'chao43@mo.net', 1, '女', 'MYUJ1201113412041.jpg', '2016-11-19 23:46:11', 28, '2017-05-06 02:01:36', '117.241.228.117');
INSERT INTO `user` VALUES (75, '粱建', 'SGFW9462027308384', '18621712855', 'chao50@yahoo.com', 0, '女', 'KMYD8100454257643.jpg', '2018-12-15 00:58:22', 15, '2016-09-27 23:07:06', '197.98.238.127');
INSERT INTO `user` VALUES (76, '许旭', 'QVAW8067225188951', '15345742679', 'fzhu@zhang.net', 0, '男', 'HUXK6427237315384.jpg', '2016-07-07 22:03:13', 27, '2016-02-19 11:04:00', '134.232.251.54');
INSERT INTO `user` VALUES (77, '方军', 'LXFI7962784012143', '18751632808', 'vfang@yahoo.com', 1, '男', 'MWLX8277939799724.jpg', '2017-10-28 23:39:56', 58, '2016-07-03 12:21:59', '19.24.2.6');
INSERT INTO `user` VALUES (78, '乔慧', 'RWBA1439493550787', '13024133831', 'jun93@gmail.com', 0, '女', 'PWVU4338957608732.jpg', '2018-08-25 16:52:59', 53, '2017-02-16 11:24:58', '194.111.11.164');
INSERT INTO `user` VALUES (79, '祝杰', 'BNUH0812660595741', '15539535772', 'gangjia@gmail.com', 0, '女', 'VNWY1298201866444.jpg', '2016-06-29 15:09:52', 42, '2018-03-14 23:55:27', '183.55.85.145');
INSERT INTO `user` VALUES (80, '家桂花', 'STKW3429056624192', '18157257353', 'tao78@gmail.com', 0, '女', 'MYLA5114084533002.jpg', '2018-12-21 11:28:06', 29, '2016-11-12 10:13:33', '178.124.11.213');
INSERT INTO `user` VALUES (81, '农岩', 'VSDR4561468500593', '14552878960', 'laijie@yahoo.com', 1, '男', 'OJBP5925072866441.jpg', '2017-10-24 23:38:42', 19, '2017-11-27 22:16:29', '108.55.49.175');
INSERT INTO `user` VALUES (82, '门倩', 'ANUC3115115124206', '18613120427', 'kyi@hotmail.com', 0, '男', 'POYB4066123541555.jpg', '2017-09-26 23:03:56', 19, '2016-09-18 17:57:51', '173.244.70.31');
INSERT INTO `user` VALUES (83, '惠旭', 'KYCC6533597617949', '15264394799', 'yantang@gmail.com', 0, '女', 'HZEV3491173731207.jpg', '2018-01-29 06:07:37', 21, '2016-05-18 03:42:03', '132.54.185.82');
INSERT INTO `user` VALUES (84, '惠玉英', 'FDJC2593234106734', '15071792682', 'sxia@hu.cn', 0, '女', 'ZNPC0267581093870.jpg', '2018-12-09 05:20:28', 35, '2016-09-14 05:40:16', '197.105.203.67');
INSERT INTO `user` VALUES (85, '冯玉', 'ITLO4533879605596', '18993383898', 'ehan@gmail.com', 0, '女', 'OUPG7238811782116.jpg', '2017-11-13 01:58:12', 14, '2017-07-13 13:08:09', '230.203.139.78');
INSERT INTO `user` VALUES (86, '陈琴', 'WHBP8243579293898', '15256378859', 'okong@hotmail.com', 0, '男', 'MXMB2525025904075.jpg', '2018-03-01 16:18:50', 33, '2016-02-23 11:31:34', '219.194.174.110');
INSERT INTO `user` VALUES (87, '强建国', 'QUZQ4945689121062', '14589871884', 'fanchao@qian.com', 1, '女', 'RHPN3999192337393.jpg', '2018-10-22 22:24:36', 19, '2017-04-03 01:03:34', '196.173.64.114');
INSERT INTO `user` VALUES (88, '钟红梅', 'OATQ6205689265170', '18853040934', 'ukang@gmail.com', 0, '男', 'TXVM1318927394528.jpg', '2016-09-04 14:01:20', 12, '2017-02-21 01:58:06', '155.232.129.71');
INSERT INTO `user` VALUES (89, '索红梅', 'WUGO4053809251850', '18595004140', 'jing85@qiu.com', 1, '男', 'CHYT9479698634051.jpg', '2016-03-29 14:23:33', 19, '2018-06-02 17:03:34', '6.251.205.32');
INSERT INTO `user` VALUES (90, '印英', 'RHQH5424089850825', '13506319411', 'fsun@kong.com', 0, '女', 'NWTX3258262824402.jpg', '2016-02-21 23:55:10', 22, '2018-03-31 04:02:00', '22.21.104.223');
INSERT INTO `user` VALUES (91, '马淑珍', 'DRJE9962729308434', '18888943690', 'xzeng@yi.org', 1, '女', 'VOAM9815577978175.jpg', '2017-01-23 09:07:24', 18, '2018-02-08 23:57:33', '63.2.135.152');
INSERT INTO `user` VALUES (92, '康秀华', 'VDAJ2486762214376', '18529801274', 'laiming@hotmail.com', 1, '男', 'SEBX3355778838070.jpg', '2017-07-26 17:26:23', 26, '2017-04-08 19:13:42', '143.194.180.242');
INSERT INTO `user` VALUES (93, '沈东', 'LUYO5930638098213', '14550108545', 'xia27@bai.cn', 0, '男', 'ZTDX2184010796794.jpg', '2017-05-31 20:52:06', 35, '2017-03-10 15:58:41', '136.78.15.23');
INSERT INTO `user` VALUES (94, '嵇琳', 'UDRC6473235981811', '18658847879', 'cxue@yahoo.com', 1, '女', 'ONHZ9444641465339.jpg', '2017-03-03 11:53:45', 12, '2018-10-15 09:16:11', '1.129.120.27');
INSERT INTO `user` VALUES (95, '喻欢', 'BACX9519533415702', '14570507525', 'pxie@yahoo.com', 0, '女', 'KCZN4140867362717.jpg', '2016-10-31 04:07:10', 55, '2018-03-03 08:11:23', '121.157.12.132');
INSERT INTO `user` VALUES (96, '舒丽', 'SZVT6889762653227', '18937190532', 'jshen@jin.cn', 0, '男', 'SVVG0388526418564.jpg', '2017-12-17 15:13:51', 27, '2016-04-05 02:13:41', '196.194.12.162');
INSERT INTO `user` VALUES (97, '孙晶', 'DCXH5375571416018', '15052470854', 'longping@yahoo.com', 0, '男', 'FANW7627432355241.jpg', '2017-06-07 11:14:27', 52, '2016-04-22 04:03:04', '74.143.95.32');
INSERT INTO `user` VALUES (98, '祁倩', 'KUYS7639167231075', '14593185119', 'yang08@yahoo.com', 1, '女', 'NUMU0099030344193.jpg', '2016-05-14 19:43:34', 12, '2018-10-25 09:31:23', '19.30.78.224');
INSERT INTO `user` VALUES (99, '后想', 'QEWC5933142285189', '13837584034', 'tanping@meng.net', 0, '男', 'WBMN1952865377361.jpg', '2017-09-06 02:25:39', 23, '2016-07-23 21:17:49', '126.209.80.192');

-- ----------------------------
-- Table structure for video
-- ----------------------------
DROP TABLE IF EXISTS `video`;
CREATE TABLE `video`  (
  `vid` int(11) NOT NULL AUTO_INCREMENT,
  `src` varchar(255) CHARACTER SET utf8 COLLATE utf8_general_ci NULL DEFAULT NULL,
  `picture` varchar(255) CHARACTER SET utf8 COLLATE utf8_general_ci NULL DEFAULT NULL,
  `title` varchar(255) CHARACTER SET utf8 COLLATE utf8_general_ci NULL DEFAULT NULL,
  `date` timestamp NULL DEFAULT CURRENT_TIMESTAMP ON UPDATE CURRENT_TIMESTAMP,
  `vfrom` varchar(255) CHARACTER SET utf8 COLLATE utf8_general_ci NULL DEFAULT NULL,
  `isDel` int(11) NOT NULL DEFAULT 0,
  `tid` int(11) NULL DEFAULT NULL,
  PRIMARY KEY USING BTREE (`vid`)
) ENGINE = InnoDB AUTO_INCREMENT = 5 CHARACTER SET = utf8 COLLATE = utf8_general_ci ROW_FORMAT = Compact;

-- ----------------------------
-- Records of video
-- ----------------------------
INSERT INTO `video` VALUES (1, '//player.bilibili.com/player.html?aid=27482808&cid=47408218&page=1', '/pic/6558f09a84ef4a5ea93791417bfbdad4.jpg', 'Free! 剧场版 绊 七濑遥和橘真琴 童年回忆cut', '2018-08-16 09:59:34', 'bilibili', 0, 1);
INSERT INTO `video` VALUES (2, '//player.bilibili.com/player.html?aid=23906681&cid=40389943&page=1', '/pic/dd79f667560d4fe3a33e60b2952b446f.gif', '【一人之下】王也角色歌《丹歌惊鸿》完整版', '2018-08-16 10:02:01', 'bilibili', 0, 1);
INSERT INTO `video` VALUES (3, '//player.bilibili.com/player.html?aid=15942376&cid=26016225&page=1', '/pic/aafded98b31d4b15a2a4f4e664f1b6c6.jpg', '【一人之下OP】埋人神曲《无涯》', '2018-08-16 10:02:51', 'bilibili', 0, 1);
INSERT INTO `video` VALUES (4, '//player.bilibili.com/player.html?aid=29260330&cid=50809776&page=1', '/pic/58c6cb66201b4a7bbf431b904a6762b1.jpg', '【剧场版】精灵宝可梦 大家的故事 第2弹主题歌PV发布！', '2018-08-16 10:13:10', 'bilibili', 0, 1);

SET FOREIGN_KEY_CHECKS = 1;
